Date,Price,,,,,
29-11-2024,"1,627.15",,,,,
28-11-2024,"1,560.40",,,,,
27-11-2024,"1,577.65",,,,,
26-11-2024,"1,577.25",,,,,
25-11-2024,"1,578.75",,,,,
22-11-2024,"1,569.30",,,,,
21-11-2024,"1,525.15",,,,,
19-11-2024,"1,525.50",,,,,
18-11-2024,"1,537.00",,,,,
14-11-2024,"1,550.50",,,,,
13-11-2024,"1,550.45",,,,,
12-11-2024,"1,555.65",,,,,
11-11-2024,"1,560.55",,,,,
08-11-2024,"1,569.90",,,,,
07-11-2024,"1,575.80",,,,,
06-11-2024,"1,598.80",,,,,
05-11-2024,"1,578.40",,,,,
04-11-2024,"1,591.25",,,,,
01-11-2024,"1,616.45",,,,,
31-10-2024,"1,612.60",,,,,
30-10-2024,"1,633.35",,,,,
29-10-2024,"1,637.10",,,,,
28-10-2024,"1,663.35",,,,,
25-10-2024,"1,666.00",,,,,
24-10-2024,"1,678.45",,,,,
23-10-2024,"1,685.80",,,,,
22-10-2024,"1,692.25",,,,,
21-10-2024,"1,692.55",,,,,
18-10-2024,"1,707.85",,,,,
17-10-2024,"1,701.15",,,,,
16-10-2024,"1,733.95",,,,,
15-10-2024,"1,717.25",,,,,
14-10-2024,"1,695.60",,,,,
11-10-2024,"1,687.40",,,,,
10-10-2024,"1,678.10",,,,,
09-10-2024,"1,678.10",,,,,
08-10-2024,"1,657.45",,,,,
07-10-2024,"1,662.05",,,,,
04-10-2024,"1,640.90",,,,,
03-10-2024,"1,673.45",,,,,
01-10-2024,"1,698.70",,,,,
30-09-2024,"1,709.55",,,,,
27-09-2024,"1,734.60",,,,,
26-09-2024,"1,771.10",,,,,
25-09-2024,"1,760.40",,,,,
24-09-2024,"1,756.65",,,,,
23-09-2024,"1,750.45",,,,,
20-09-2024,"1,711.75",,,,,
19-09-2024,"1,664.85",,,,,
18-09-2024,"1,654.90",,,,,
17-09-2024,"1,661.75",,,,,
16-09-2024,"1,635.45",,,,,
13-09-2024,"1,634.45",,,,,
12-09-2024,"1,646.75",,,,,
11-09-2024,"1,577.80",,,,,
10-09-2024,"1,577.85",,,,,
09-09-2024,"1,542.65",,,,,
06-09-2024,"1,539.25",,,,,
05-09-2024,"1,547.20",,,,,
04-09-2024,"1,561.90",,,,,
03-09-2024,"1,560.60",,,,,
02-09-2024,"1,571.35",,,,,
30-08-2024,"1,589.05",,,,,
29-08-2024,"1,565.90",,,,,
28-08-2024,"1,556.35",,,,,
27-08-2024,"1,522.75",,,,,
26-08-2024,"1,513.55",,,,,
23-08-2024,"1,506.75",,,,,
22-08-2024,"1,486.35",,,,,
21-08-2024,"1,463.45",,,,,
20-08-2024,"1,449.15",,,,,
19-08-2024,"1,469.65",,,,,
16-08-2024,"1,483.55",,,,,
14-08-2024,"1,471.70",,,,,
13-08-2024,"1,459.70",,,,,
12-08-2024,"1,458.60",,,,,
09-08-2024,"1,464.10",,,,,
08-08-2024,"1,451.80",,,,,
07-08-2024,"1,441.75",,,,,
06-08-2024,"1,443.55",,,,,
05-08-2024,"1,465.70",,,,,
02-08-2024,"1,493.80",,,,,
01-08-2024,"1,505.50",,,,,
31-07-2024,"1,491.55",,,,,
30-07-2024,"1,470.35",,,,,
29-07-2024,"1,481.35",,,,,
26-07-2024,"1,514.40",,,,,
25-07-2024,"1,449.15",,,,,
24-07-2024,"1,455.20",,,,,
23-07-2024,"1,465.70",,,,,
22-07-2024,"1,465.40",,,,,
19-07-2024,"1,461.75",,,,,
18-07-2024,"1,483.65",,,,,
16-07-2024,"1,466.50",,,,,
15-07-2024,"1,437.60",,,,,
12-07-2024,"1,433.25",,,,,
11-07-2024,"1,437.95",,,,,
10-07-2024,"1,445.05",,,,,
09-07-2024,"1,435.55",,,,,
08-07-2024,"1,435.15",,,,,
05-07-2024,"1,429.70",,,,,
04-07-2024,"1,423.05",,,,,
03-07-2024,"1,419.85",,,,,
02-07-2024,"1,418.95",,,,,
01-07-2024,"1,454.00",,,,,
28-06-2024,"1,444.05",,,,,
27-06-2024,"1,475.80",,,,,
26-06-2024,"1,459.50",,,,,
25-06-2024,"1,414.95",,,,,
24-06-2024,"1,419.80",,,,,
21-06-2024,"1,416.05",,,,,
20-06-2024,"1,381.15",,,,,
19-06-2024,"1,392.35",,,,,
18-06-2024,"1,428.35",,,,,
14-06-2024,"1,427.40",,,,,
13-06-2024,"1,425.75",,,,,
12-06-2024,"1,438.40",,,,,
11-06-2024,"1,427.25",,,,,
10-06-2024,"1,426.05",,,,,
07-06-2024,"1,425.25",,,,,
06-06-2024,"1,370.60",,,,,
05-06-2024,"1,344.35",,,,,
04-06-2024,"1,299.70",,,,,
03-06-2024,"1,391.10",,,,,
31-05-2024,"1,372.75",,,,,
30-05-2024,"1,377.15",,,,,
29-05-2024,"1,377.10",,,,,
28-05-2024,"1,371.05",,,,,
27-05-2024,"1,384.35",,,,,
24-05-2024,"1,388.50",,,,,
23-05-2024,"1,374.05",,,,,
22-05-2024,"1,347.90",,,,,
21-05-2024,"1,344.30",,,,,
18-05-2024,"1,347.75",,,,,
17-05-2024,"1,344.45",,,,,
16-05-2024,"1,345.10",,,,,
15-05-2024,"1,309.90",,,,,
14-05-2024,"1,284.30",,,,,
13-05-2024,"1,285.95",,,,,
10-05-2024,"1,301.15",,,,,
09-05-2024,"1,275.45",,,,,
08-05-2024,"1,288.60",,,,,
07-05-2024,"1,286.15",,,,,
06-05-2024,"1,283.40",,,,,
03-05-2024,"1,277.40",,,,,
02-05-2024,"1,304.05",,,,,
30-04-2024,"1,322.30",,,,,
29-04-2024,"1,332.45",,,,,
26-04-2024,"1,326.00",,,,,
25-04-2024,"1,338.70",,,,,
24-04-2024,"1,336.40",,,,,
23-04-2024,"1,342.35",,,,,
22-04-2024,"1,297.55",,,,,
19-04-2024,"1,289.00",,,,,
18-04-2024,"1,265.75",,,,,
16-04-2024,"1,216.45",,,,,
15-04-2024,"1,224.55",,,,,
12-04-2024,"1,225.55",,,,,
10-04-2024,"1,229.40",,,,,
09-04-2024,"1,204.45",,,,,
08-04-2024,"1,204.70",,,,,
05-04-2024,"1,191.00",,,,,
04-04-2024,"1,206.85",,,,,
03-04-2024,"1,225.70",,,,,
02-04-2024,"1,208.25",,,,,
01-04-2024,"1,217.35",,,,,
28-03-2024,"1,228.60",,,,,
27-03-2024,"1,224.80",,,,,
26-03-2024,"1,213.10",,,,,
22-03-2024,"1,236.10",,,,,
21-03-2024,"1,220.80",,,,,
20-03-2024,"1,231.80",,,,,
19-03-2024,"1,228.35",,,,,
18-03-2024,"1,225.30",,,,,
15-03-2024,"1,220.00",,,,,
14-03-2024,"1,194.60",,,,,
13-03-2024,"1,168.75",,,,,
12-03-2024,"1,204.25",,,,,
11-03-2024,"1,196.60",,,,,
07-03-2024,"1,199.70",,,,,
06-03-2024,"1,193.70",,,,,
05-03-2024,"1,168.90",,,,,
04-03-2024,"1,133.50",,,,,
02-03-2024,"1,133.00",,,,,
01-03-2024,"1,128.70",,,,,
29-02-2024,"1,123.35",,,,,
28-02-2024,"1,128.75",,,,,
27-02-2024,"1,127.50",,,,,
26-02-2024,"1,110.05",,,,,
23-02-2024,"1,125.75",,,,,
22-02-2024,"1,135.55",,,,,
21-02-2024,"1,139.90",,,,,
20-02-2024,"1,143.95",,,,,
19-02-2024,"1,142.20",,,,,
16-02-2024,"1,120.00",,,,,
15-02-2024,"1,120.70",,,,,
14-02-2024,"1,115.85",,,,,
13-02-2024,"1,117.85",,,,,
12-02-2024,"1,118.70",,,,,
09-02-2024,"1,120.25",,,,,
08-02-2024,"1,142.15",,,,,
07-02-2024,"1,134.30",,,,,
06-02-2024,"1,134.05",,,,,
05-02-2024,"1,113.55",,,,,
02-02-2024,"1,150.80",,,,,
01-02-2024,"1,151.20",,,,,
31-01-2024,"1,170.70",,,,,
30-01-2024,"1,158.65",,,,,
29-01-2024,"1,162.15",,,,,
25-01-2024,"1,160.55",,,,,
24-01-2024,"1,189.95",,,,,
23-01-2024,"1,158.00",,,,,
20-01-2024,"1,123.75",,,,,
19-01-2024,"1,125.00",,,,,
18-01-2024,"1,087.05",,,,,
17-01-2024,"1,085.25",,,,,
16-01-2024,"1,095.90",,,,,
15-01-2024,"1,102.40",,,,,
12-01-2024,"1,076.35",,,,,
11-01-2024,"1,062.85",,,,,
10-01-2024,"1,062.70",,,,,
09-01-2024,"1,064.50",,,,,
08-01-2024,"1,049.05",,,,,
05-01-2024,"1,046.60",,,,,
04-01-2024,"1,047.90",,,,,
03-01-2024,"1,035.20",,,,,
02-01-2024,"1,021.70",,,,,
01-01-2024,"1,013.05",,,,,
29-12-2023,"1,032.20",,,,,
28-12-2023,"1,036.70",,,,,
27-12-2023,"1,021.20",,,,,
26-12-2023,999.85,,,,,
22-12-2023,989.55,,,,,
21-12-2023,977.9,,,,,
20-12-2023,971.55,,,,,
19-12-2023,988.45,,,,,
18-12-2023,990.25,,,,,
15-12-2023,992.55,,,,,
14-12-2023,"1,005.20",,,,,
13-12-2023,999.9,,,,,
12-12-2023,995.25,,,,,
11-12-2023,"1,000.85",,,,,
08-12-2023,"1,000.25",,,,,
07-12-2023,"1,000.00",,,,,
06-12-2023,"1,024.45",,,,,
05-12-2023,"1,031.10",,,,,
04-12-2023,"1,032.90",,,,,
01-12-2023,"1,014.70",,,,,
30-11-2023,"1,014.70",,,,,
29-11-2023,995.4,,,,,
28-11-2023,984.9,,,,,
24-11-2023,973.15,,,,,
23-11-2023,976.65,,,,,
22-11-2023,969.75,,,,,
21-11-2023,970.85,,,,,
20-11-2023,961.4,,,,,
17-11-2023,947.3,,,,,
16-11-2023,949.55,,,,,
15-11-2023,950,,,,,
13-11-2023,935,,,,,
12-11-2023,938,,,,,
10-11-2023,935.5,,,,,
09-11-2023,932.35,,,,,
08-11-2023,936.75,,,,,
07-11-2023,937.15,,,,,
06-11-2023,939.2,,,,,
03-11-2023,930.75,,,,,
02-11-2023,923.85,,,,,
01-11-2023,913.45,,,,,
31-10-2023,914.4,,,,,
30-10-2023,926.25,,,,,
27-10-2023,914.6,,,,,
26-10-2023,905.5,,,,,
25-10-2023,922.6,,,,,
23-10-2023,939.3,,,,,
20-10-2023,945.2,,,,,
19-10-2023,942.95,,,,,
18-10-2023,952.85,,,,,
17-10-2023,953.65,,,,,
16-10-2023,946.55,,,,,
13-10-2023,954.2,,,,,
12-10-2023,950.35,,,,,
11-10-2023,955.6,,,,,
10-10-2023,948.35,,,,,
09-10-2023,924.55,,,,,
06-10-2023,926.05,,,,,
05-10-2023,928.85,,,,,
04-10-2023,924.25,,,,,
03-10-2023,925.3,,,,,
29-09-2023,926.4,,,,,
28-09-2023,925.65,,,,,
27-09-2023,920.25,,,,,
26-09-2023,912.7,,,,,
25-09-2023,910.4,,,,,
22-09-2023,911.4,,,,,
21-09-2023,917.95,,,,,
20-09-2023,910.7,,,,,
18-09-2023,920.2,,,,,
15-09-2023,936.15,,,,,
14-09-2023,914.95,,,,,
13-09-2023,915.15,,,,,
12-09-2023,890.4,,,,,
11-09-2023,890.8,,,,,
08-09-2023,885.85,,,,,
07-09-2023,875.3,,,,,
06-09-2023,880.3,,,,,
05-09-2023,865.9,,,,,
04-09-2023,865.3,,,,,
01-09-2023,865.95,,,,,
31-08-2023,856.4,,,,,
30-08-2023,857.75,,,,,
29-08-2023,855.2,,,,,
28-08-2023,870.35,,,,,
25-08-2023,873.5,,,,,
24-08-2023,869.45,,,,,
23-08-2023,868.15,,,,,
22-08-2023,877.65,,,,,
21-08-2023,871.95,,,,,
18-08-2023,856.25,,,,,
17-08-2023,856.7,,,,,
16-08-2023,856.95,,,,,
14-08-2023,867.05,,,,,
11-08-2023,870.55,,,,,
10-08-2023,874.8,,,,,
09-08-2023,883.7,,,,,
08-08-2023,885.4,,,,,
07-08-2023,891.4,,,,,
04-08-2023,889.65,,,,,
03-08-2023,871.7,,,,,
02-08-2023,878.1,,,,,
01-08-2023,891.65,,,,,
31-07-2023,889.9,,,,,
28-07-2023,895.1,,,,,
27-07-2023,895.15,,,,,
26-07-2023,889.4,,,,,
25-07-2023,883.65,,,,,
24-07-2023,888.15,,,,,
21-07-2023,886,,,,,
20-07-2023,884.85,,,,,
19-07-2023,870.75,,,,,
18-07-2023,875.45,,,,,
17-07-2023,878.1,,,,,
14-07-2023,886.5,,,,,
13-07-2023,885.05,,,,,
12-07-2023,889.95,,,,,
11-07-2023,891.9,,,,,
10-07-2023,885.4,,,,,
07-07-2023,870.45,,,,,
06-07-2023,869.65,,,,,
05-07-2023,866.65,,,,,
04-07-2023,865.15,,,,,
03-07-2023,879.15,,,,,
30-06-2023,878.75,,,,,
28-06-2023,872.2,,,,,
27-06-2023,864.9,,,,,
26-06-2023,851.95,,,,,
23-06-2023,854.8,,,,,
22-06-2023,842.8,,,,,
21-06-2023,839,,,,,
20-06-2023,831.2,,,,,
19-06-2023,828.15,,,,,
16-06-2023,837.8,,,,,
15-06-2023,829.7,,,,,
14-06-2023,827.95,,,,,
13-06-2023,834.35,,,,,
12-06-2023,836.35,,,,,
09-06-2023,833.5,,,,,
08-06-2023,836,,,,,
07-06-2023,844.25,,,,,
06-06-2023,829.45,,,,,
05-06-2023,834.5,,,,,
02-06-2023,836.5,,,,,
01-06-2023,827.95,,,,,
31-05-2023,849.9,,,,,
30-05-2023,818.45,,,,,
29-05-2023,821.25,,,,,
26-05-2023,817.95,,,,,
25-05-2023,822.7,,,,,
24-05-2023,801.4,,,,,
23-05-2023,799.95,,,,,
22-05-2023,801.85,,,,,
19-05-2023,805.75,,,,,
18-05-2023,799.35,,,,,
17-05-2023,792.25,,,,,
16-05-2023,787.35,,,,,
15-05-2023,797.05,,,,,
12-05-2023,791.95,,,,,
11-05-2023,788.6,,,,,
10-05-2023,796.05,,,,,
09-05-2023,793.6,,,,,
08-05-2023,793.75,,,,,
05-05-2023,787.3,,,,,
04-05-2023,789.1,,,,,
03-05-2023,779.3,,,,,
02-05-2023,790.2,,,,,
28-04-2023,799.3,,,,,
27-04-2023,786.5,,,,,
26-04-2023,773.45,,,,,
25-04-2023,772.6,,,,,
24-04-2023,760.25,,,,,
21-04-2023,765.2,,,,,
20-04-2023,772.3,,,,,
19-04-2023,764.65,,,,,
18-04-2023,759.75,,,,,
17-04-2023,759.65,,,,,
13-04-2023,767.05,,,,,
12-04-2023,771.1,,,,,
11-04-2023,774.15,,,,,
10-04-2023,769.75,,,,,
06-04-2023,765.95,,,,,
05-04-2023,763.45,,,,,
03-04-2023,760.55,,,,,
31-03-2023,749,,,,,
29-03-2023,743.6,,,,,
28-03-2023,748.45,,,,,
27-03-2023,761.75,,,,,
24-03-2023,762.45,,,,,
23-03-2023,763.55,,,,,
22-03-2023,756.7,,,,,
21-03-2023,756.95,,,,,
20-03-2023,754.8,,,,,
17-03-2023,757.25,,,,,
16-03-2023,745.95,,,,,
15-03-2023,756.65,,,,,
14-03-2023,771.8,,,,,
13-03-2023,765.3,,,,,
10-03-2023,773.75,,,,,
09-03-2023,773.4,,,,,
08-03-2023,766.55,,,,,
06-03-2023,766.6,,,,,
03-03-2023,764.4,,,,,
02-03-2023,740.1,,,,,
01-03-2023,750.2,,,,,
28-02-2023,742.25,,,,,
27-02-2023,752.9,,,,,
24-02-2023,757.1,,,,,
23-02-2023,762.95,,,,,
22-02-2023,772.15,,,,,
21-02-2023,779.05,,,,,
20-02-2023,779.15,,,,,
17-02-2023,776.8,,,,,
16-02-2023,784.45,,,,,
15-02-2023,785.4,,,,,
14-02-2023,775.2,,,,,
13-02-2023,768.6,,,,,
10-02-2023,771.95,,,,,
09-02-2023,766.65,,,,,
08-02-2023,775.1,,,,,
07-02-2023,785.9,,,,,
06-02-2023,789.25,,,,,
03-02-2023,792.9,,,,,
02-02-2023,777.75,,,,,
01-02-2023,769.1,,,,,
31-01-2023,770.3,,,,,
30-01-2023,770.2,,,,,
27-01-2023,774.5,,,,,
25-01-2023,776.5,,,,,
24-01-2023,775.65,,,,,
23-01-2023,772.7,,,,,
20-01-2023,764.45,,,,,
19-01-2023,772,,,,,
18-01-2023,776.55,,,,,
17-01-2023,765.7,,,,,
16-01-2023,759.15,,,,,
13-01-2023,764.3,,,,,
12-01-2023,756.9,,,,,
11-01-2023,765.55,,,,,
10-01-2023,792.85,,,,,
09-01-2023,819.4,,,,,
06-01-2023,796,,,,,
05-01-2023,807.1,,,,,
04-01-2023,811.8,,,,,
03-01-2023,817.6,,,,,
02-01-2023,813.5,,,,,
30-12-2022,806.1,,,,,
29-12-2022,820.75,,,,,
28-12-2022,803.8,,,,,
27-12-2022,814.8,,,,,
26-12-2022,811,,,,,
23-12-2022,808.65,,,,,
22-12-2022,816.6,,,,,
21-12-2022,814,,,,,
20-12-2022,828.95,,,,,
19-12-2022,840.4,,,,,
16-12-2022,822.75,,,,,
15-12-2022,826.35,,,,,
14-12-2022,829.2,,,,,
13-12-2022,838.05,,,,,
12-12-2022,828.4,,,,,
09-12-2022,834.9,,,,,
08-12-2022,832.6,,,,,
07-12-2022,834,,,,,
06-12-2022,833.35,,,,,
05-12-2022,844.1,,,,,
02-12-2022,848.65,,,,,
01-12-2022,848.6,,,,,
30-11-2022,848.75,,,,,
29-11-2022,835.85,,,,,
28-11-2022,837.4,,,,,
25-11-2022,846.85,,,,,
24-11-2022,848.35,,,,,
23-11-2022,843.25,,,,,
22-11-2022,847.6,,,,,
21-11-2022,851.2,,,,,
18-11-2022,837.3,,,,,
17-11-2022,846.15,,,,,
16-11-2022,841.2,,,,,
15-11-2022,835.25,,,,,
14-11-2022,821.9,,,,,
11-11-2022,826.9,,,,,
10-11-2022,825.75,,,,,
09-11-2022,819.05,,,,,
07-11-2022,822.7,,,,,
04-11-2022,816.4,,,,,
03-11-2022,818.65,,,,,
02-11-2022,809.85,,,,,
01-11-2022,835.55,,,,,
31-10-2022,832,,,,,
28-10-2022,816.85,,,,,
27-10-2022,817.1,,,,,
25-10-2022,802.3,,,,,
24-10-2022,802.1,,,,,
21-10-2022,797.45,,,,,
20-10-2022,792.9,,,,,
19-10-2022,783.4,,,,,
18-10-2022,783.15,,,,,
17-10-2022,766,,,,,
14-10-2022,765.95,,,,,
13-10-2022,768.9,,,,,
12-10-2022,775.55,,,,,
11-10-2022,780.3,,,,,
10-10-2022,792.35,,,,,
07-10-2022,793.1,,,,,
06-10-2022,788.6,,,,,
04-10-2022,808.7,,,,,
03-10-2022,803.35,,,,,
30-09-2022,799.9,,,,,
29-09-2022,764.65,,,,,
28-09-2022,761.45,,,,,
27-09-2022,760.6,,,,,
26-09-2022,755.05,,,,,
23-09-2022,771.35,,,,,
22-09-2022,784.1,,,,,
21-09-2022,780.2,,,,,
20-09-2022,792.15,,,,,
19-09-2022,782.75,,,,,
16-09-2022,779.65,,,,,
15-09-2022,785.1,,,,,
14-09-2022,783.35,,,,,
13-09-2022,784.25,,,,,
12-09-2022,769.15,,,,,
09-09-2022,765.75,,,,,
08-09-2022,769.8,,,,,
07-09-2022,753.1,,,,,
06-09-2022,761.25,,,,,
05-09-2022,740.4,,,,,
02-09-2022,735,,,,,
01-09-2022,735.05,,,,,
30-08-2022,726.6,,,,,
29-08-2022,720.6,,,,,
26-08-2022,730.85,,,,,
25-08-2022,741,,,,,
24-08-2022,738.75,,,,,
23-08-2022,737.6,,,,,
22-08-2022,727.6,,,,,
19-08-2022,732.3,,,,,
18-08-2022,733.2,,,,,
17-08-2022,722.95,,,,,
16-08-2022,704.1,,,,,
12-08-2022,709.7,,,,,
11-08-2022,709.8,,,,,
10-08-2022,715.25,,,,,
08-08-2022,704.35,,,,,
05-08-2022,703.65,,,,,
04-08-2022,694.3,,,,,
03-08-2022,693.15,,,,,
02-08-2022,686.8,,,,,
01-08-2022,694.45,,,,,
29-07-2022,677.95,,,,,
28-07-2022,666.85,,,,,
27-07-2022,674.9,,,,,
26-07-2022,684.1,,,,,
25-07-2022,678.4,,,,,
22-07-2022,678.85,,,,,
21-07-2022,678.35,,,,,
20-07-2022,670.65,,,,,
19-07-2022,672.9,,,,,
18-07-2022,663.05,,,,,
15-07-2022,651.8,,,,,
14-07-2022,641.65,,,,,
13-07-2022,643.5,,,,,
12-07-2022,663,,,,,
11-07-2022,660.55,,,,,
08-07-2022,695.15,,,,,
07-07-2022,686.8,,,,,
06-07-2022,693.95,,,,,
05-07-2022,684.45,,,,,
04-07-2022,681.9,,,,,
01-07-2022,673.45,,,,,
30-06-2022,684.95,,,,,
29-06-2022,687.8,,,,,
28-06-2022,681.15,,,,,
27-06-2022,683.95,,,,,
24-06-2022,671.2,,,,,
23-06-2022,660.2,,,,,
22-06-2022,642.85,,,,,
21-06-2022,654.3,,,,,
20-06-2022,640.9,,,,,
17-06-2022,643.65,,,,,
16-06-2022,654.2,,,,,
15-06-2022,682.1,,,,,
14-06-2022,682.05,,,,,
13-06-2022,671.3,,,,,
10-06-2022,673.35,,,,,
09-06-2022,676.35,,,,,
08-06-2022,663.3,,,,,
07-06-2022,685.3,,,,,
06-06-2022,682.95,,,,,
03-06-2022,686.5,,,,,
02-06-2022,695.95,,,,,
01-06-2022,694.65,,,,,
31-05-2022,700.2,,,,,
30-05-2022,699.05,,,,,
27-05-2022,684.4,,,,,
26-05-2022,693.65,,,,,
25-05-2022,688.2,,,,,
24-05-2022,678.2,,,,,
23-05-2022,685.85,,,,,
20-05-2022,687.9,,,,,
19-05-2022,674.25,,,,,
18-05-2022,696.15,,,,,
17-05-2022,707.05,,,,,
16-05-2022,693.2,,,,,
13-05-2022,689.9,,,,,
12-05-2022,705.4,,,,,
11-05-2022,722.85,,,,,
10-05-2022,719.65,,,,,
09-05-2022,711.5,,,,,
06-05-2022,710.25,,,,,
05-05-2022,718.95,,,,,
04-05-2022,722.4,,,,,
02-05-2022,741.35,,,,,
29-04-2022,739,,,,,
28-04-2022,747.35,,,,,
27-04-2022,752.5,,,,,
26-04-2022,756.3,,,,,
25-04-2022,739.35,,,,,
22-04-2022,738.75,,,,,
21-04-2022,735.75,,,,,
20-04-2022,739.35,,,,,
19-04-2022,723.5,,,,,
18-04-2022,729.5,,,,,
13-04-2022,740.65,,,,,
12-04-2022,741.65,,,,,
11-04-2022,758.05,,,,,
08-04-2022,762.1,,,,,
07-04-2022,762.4,,,,,
06-04-2022,775.65,,,,,
05-04-2022,766.6,,,,,
04-04-2022,767.8,,,,,
01-04-2022,758.5,,,,,
31-03-2022,754.95,,,,,
30-03-2022,749.5,,,,,
29-03-2022,754.95,,,,,
28-03-2022,733.05,,,,,
25-03-2022,709.35,,,,,
24-03-2022,706.35,,,,,
23-03-2022,704.95,,,,,
22-03-2022,719.25,,,,,
21-03-2022,708.2,,,,,
17-03-2022,722.9,,,,,
16-03-2022,712,,,,,
15-03-2022,703.1,,,,,
14-03-2022,700.4,,,,,
11-03-2022,694.85,,,,,
10-03-2022,697.75,,,,,
09-03-2022,691.5,,,,,
08-03-2022,683,,,,,
07-03-2022,675.4,,,,,
04-03-2022,653.7,,,,,
03-03-2022,672.05,,,,,
02-03-2022,674.25,,,,,
28-02-2022,686.5,,,,,
25-02-2022,688.65,,,,,
24-02-2022,670.9,,,,,
23-02-2022,704.4,,,,,
22-02-2022,699.25,,,,,
21-02-2022,709.95,,,,,
18-02-2022,712.55,,,,,
17-02-2022,717,,,,,
16-02-2022,721.8,,,,,
15-02-2022,711.55,,,,,
14-02-2022,689.7,,,,,
11-02-2022,715.15,,,,,
10-02-2022,724.05,,,,,
09-02-2022,719.35,,,,,
08-02-2022,708.9,,,,,
07-02-2022,706.5,,,,,
04-02-2022,720.2,,,,,
03-02-2022,721.65,,,,,
02-02-2022,725.05,,,,,
01-02-2022,723.05,,,,,
31-01-2022,729.3,,,,,
28-01-2022,715.8,,,,,
27-01-2022,707.25,,,,,
25-01-2022,711.85,,,,,
24-01-2022,689.9,,,,,
21-01-2022,695.25,,,,,
20-01-2022,715.4,,,,,
19-01-2022,703.7,,,,,
18-01-2022,714.35,,,,,
17-01-2022,728.6,,,,,
14-01-2022,720.6,,,,,
13-01-2022,731.8,,,,,
12-01-2022,730.2,,,,,
11-01-2022,703.45,,,,,
10-01-2022,704.95,,,,,
07-01-2022,704.7,,,,,
06-01-2022,710.4,,,,,
05-01-2022,700,,,,,
04-01-2022,697.45,,,,,
03-01-2022,691.3,,,,,
31-12-2021,683.8,,,,,
30-12-2021,679.35,,,,,
29-12-2021,676.85,,,,,
28-12-2021,680.05,,,,,
27-12-2021,675.75,,,,,
24-12-2021,677.05,,,,,
23-12-2021,678.75,,,,,
22-12-2021,684.75,,,,,
21-12-2021,667,,,,,
20-12-2021,658.25,,,,,
17-12-2021,666.05,,,,,
16-12-2021,681.4,,,,,
15-12-2021,685.45,,,,,
14-12-2021,691.6,,,,,
13-12-2021,703.1,,,,,
10-12-2021,710.7,,,,,
09-12-2021,713.95,,,,,
08-12-2021,715.15,,,,,
07-12-2021,698.85,,,,,
06-12-2021,697.6,,,,,
03-12-2021,718.35,,,,,
02-12-2021,732.55,,,,,
01-12-2021,722.25,,,,,
30-11-2021,728.25,,,,,
29-11-2021,739.35,,,,,
26-11-2021,738.75,,,,,
25-11-2021,765.15,,,,,
24-11-2021,758.9,,,,,
23-11-2021,758.9,,,,,
22-11-2021,742.1,,,,,
18-11-2021,714.35,,,,,
17-11-2021,720.05,,,,,
16-11-2021,730.3,,,,,
15-11-2021,737.55,,,,,
12-11-2021,743.5,,,,,
11-11-2021,728.6,,,,,
10-11-2021,735.45,,,,,
09-11-2021,713.2,,,,,
08-11-2021,709,,,,,
04-11-2021,701.1,,,,,
03-11-2021,699.1,,,,,
02-11-2021,713.95,,,,,
01-11-2021,712.5,,,,,
29-10-2021,685.35,,,,,
28-10-2021,689.75,,,,,
27-10-2021,702.35,,,,,
26-10-2021,696.2,,,,,
25-10-2021,691.1,,,,,
22-10-2021,694.5,,,,,
21-10-2021,696.05,,,,,
20-10-2021,708.45,,,,,
19-10-2021,681.1,,,,,
18-10-2021,680.6,,,,,
14-10-2021,685.8,,,,,
13-10-2021,689.9,,,,,
12-10-2021,686.35,,,,,
11-10-2021,690.85,,,,,
08-10-2021,695.5,,,,,
07-10-2021,692.5,,,,,
06-10-2021,691.4,,,,,
05-10-2021,699.25,,,,,
04-10-2021,681.4,,,,,
01-10-2021,675.9,,,,,
30-09-2021,688.3,,,,,
29-09-2021,694.1,,,,,
28-09-2021,696.15,,,,,
27-09-2021,722.55,,,,,
24-09-2021,725.77,,,,,
23-09-2021,713.41,,,,,
22-09-2021,713.36,,,,,
21-09-2021,713.26,,,,,
20-09-2021,711.59,,,,,
17-09-2021,714.73,,,,,
16-09-2021,705.36,,,,,
15-09-2021,712.13,,,,,
14-09-2021,681.41,,,,,
13-09-2021,680.52,,,,,
09-09-2021,673.51,,,,,
08-09-2021,655.54,,,,,
07-09-2021,658.19,,,,,
06-09-2021,642.54,,,,,
03-09-2021,646.32,,,,,
02-09-2021,654.22,,,,,
01-09-2021,654.12,,,,,
31-08-2021,651.81,,,,,
30-08-2021,609.02,,,,,
27-08-2021,584.18,,,,,
26-08-2021,576.08,,,,,
25-08-2021,601.16,,,,,
24-08-2021,608.67,,,,,
23-08-2021,611.17,,,,,
20-08-2021,602.39,,,,,
18-08-2021,611.47,,,,,
17-08-2021,614.81,,,,,
16-08-2021,622.36,,,,,
13-08-2021,625.31,,,,,
12-08-2021,611.67,,,,,
11-08-2021,609.41,,,,,
10-08-2021,610.73,,,,,
09-08-2021,588.21,,,,,
06-08-2021,596.7,,,,,
05-08-2021,587.67,,,,,
04-08-2021,563.81,,,,,
03-08-2021,569.51,,,,,
02-08-2021,554.73,,,,,
30-07-2021,551.3,,,,,
29-07-2021,556.7,,,,,
28-07-2021,557.43,,,,,
27-07-2021,530.59,,,,,
26-07-2021,534.02,,,,,
23-07-2021,538.2,,,,,
22-07-2021,536.63,,,,,
20-07-2021,516.06,,,,,
19-07-2021,528.53,,,,,
16-07-2021,531.18,,,,,
15-07-2021,515.77,,,,,
14-07-2021,520.28,,,,,
13-07-2021,520.28,,,,,
12-07-2021,519.89,,,,,
09-07-2021,526.37,,,,,
08-07-2021,515.62,,,,,
07-07-2021,519.84,,,,,
06-07-2021,516.41,,,,,
05-07-2021,514.29,,,,,
02-07-2021,515.33,,,,,
01-07-2021,513.02,,,,,
30-06-2021,515.96,,,,,
29-06-2021,515.28,,,,,
28-06-2021,521.41,,,,,
25-06-2021,525.24,,,,,
24-06-2021,519.01,,,,,
23-06-2021,524.21,,,,,
22-06-2021,526.52,,,,,
21-06-2021,529.66,,,,,
18-06-2021,528.82,,,,,
17-06-2021,518.91,,,,,
16-06-2021,526.86,,,,,
15-06-2021,532.5,,,,,
14-06-2021,529.41,,,,,
11-06-2021,530.88,,,,,
10-06-2021,535.1,,,,,
09-06-2021,530.05,,,,,
08-06-2021,536.72,,,,,
07-06-2021,526.56,,,,,
04-06-2021,522.88,,,,,
03-06-2021,522.24,,,,,
02-06-2021,519.74,,,,,
01-06-2021,523.08,,,,,
31-05-2021,525.04,,,,,
28-05-2021,513.95,,,,,
27-05-2021,510.22,,,,,
26-05-2021,516.06,,,,,
25-05-2021,516.41,,,,,
24-05-2021,517.09,,,,,
21-05-2021,521.16,,,,,
20-05-2021,511.05,,,,,
19-05-2021,518.47,,,,,
18-05-2021,526.47,,,,,
17-05-2021,539.52,,,,,
14-05-2021,550.07,,,,,
12-05-2021,551.4,,,,,
11-05-2021,557.92,,,,,
10-05-2021,562,,,,,
07-05-2021,558.02,,,,,
06-05-2021,548.45,,,,,
05-05-2021,549.63,,,,,
04-05-2021,542.27,,,,,
03-05-2021,548.55,,,,,
30-04-2021,526.86,,,,,
29-04-2021,530.88,,,,,
28-04-2021,534.27,,,,,
27-04-2021,524.45,,,,,
26-04-2021,517.83,,,,,
23-04-2021,512.97,,,,,
22-04-2021,521.07,,,,,
20-04-2021,520.43,,,,,
19-04-2021,516.75,,,,,
16-04-2021,530.78,,,,,
15-04-2021,529.41,,,,,
13-04-2021,526.27,,,,,
12-04-2021,512.82,,,,,
09-04-2021,535.2,,,,,
08-04-2021,532.99,,,,,
07-04-2021,531.62,,,,,
06-04-2021,522.39,,,,,
05-04-2021,518.52,,,,,
01-04-2021,511.2,,,,,
31-03-2021,507.77,,,,,
30-03-2021,511.89,,,,,
26-03-2021,512.87,,,,,
25-03-2021,498.39,,,,,
24-03-2021,514,,,,,
23-03-2021,519.5,,,,,
22-03-2021,518.27,,,,,
19-03-2021,520.18,,,,,
18-03-2021,517.48,,,,,
17-03-2021,513.26,,,,,
16-03-2021,519.55,,,,,
15-03-2021,513.21,,,,,
12-03-2021,514.54,,,,,
10-03-2021,516.16,,,,,
09-03-2021,512.14,,,,,
08-03-2021,516.01,,,,,
05-03-2021,522.98,,,,,
04-03-2021,529.66,,,,,
03-03-2021,536.23,,,,,
02-03-2021,531.23,,,,,
01-03-2021,522.39,,,,,
26-02-2021,546.05,,,,,
25-02-2021,568.48,,,,,
24-02-2021,562.39,,,,,
23-02-2021,555.13,,,,,
22-02-2021,559.79,,,,,
19-02-2021,570.64,,,,,
18-02-2021,578.19,,,,,
17-02-2021,582.91,,,,,
16-02-2021,583,,,,,
15-02-2021,582.76,,,,,
12-02-2021,575.45,,,,,
11-02-2021,587.08,,,,,
10-02-2021,579.32,,,,,
09-02-2021,587.91,,,,,
08-02-2021,586.29,,,,,
05-02-2021,570.39,,,,,
04-02-2021,589.53,,,,,
03-02-2021,597.63,,,,,
02-02-2021,588.3,,,,,
01-02-2021,568.48,,,,,
29-01-2021,543.4,,,,,
28-01-2021,560.38,,,,,
27-01-2021,560.28,,,,,
25-01-2021,570.05,,,,,
22-01-2021,566.22,,,,,
21-01-2021,570.64,,,,,
20-01-2021,585.16,,,,,
19-01-2021,581.39,,,,,
18-01-2021,576.13,,,,,
15-01-2021,591.54,,,,,
14-01-2021,569.85,,,,,
13-01-2021,567.59,,,,,
12-01-2021,555.32,,,,,
11-01-2021,537.07,,,,,
08-01-2021,530.29,,,,,
07-01-2021,535.2,,,,,
06-01-2021,515.62,,,,,
05-01-2021,504.53,,,,,
04-01-2021,507.57,,,,,
01-01-2021,505.66,,,,,
31-12-2020,500.31,,,,,
30-12-2020,506.64,,,,,
29-12-2020,510.66,,,,,
28-12-2020,511.99,,,,,
24-12-2020,507.77,,,,,
23-12-2020,497.85,,,,,
22-12-2020,491.08,,,,,
21-12-2020,481.85,,,,,
18-12-2020,501.24,,,,,
17-12-2020,505.61,,,,,
16-12-2020,506.69,,,,,
15-12-2020,494.91,,,,,
14-12-2020,493.78,,,,,
11-12-2020,495.1,,,,,
10-12-2020,495.84,,,,,
09-12-2020,493.78,,,,,
08-12-2020,494.32,,,,,
07-12-2020,499.57,,,,,
04-12-2020,484.65,,,,,
03-12-2020,471.06,,,,,
02-12-2020,475.96,,,,,
01-12-2020,470.61,,,,,
27-11-2020,454.71,,,,,
26-11-2020,459.77,,,,,
25-11-2020,455.55,,,,,
24-11-2020,465.51,,,,,
23-11-2020,468.45,,,,,
20-11-2020,474.79,,,,,
19-11-2020,459.92,,,,,
18-11-2020,469.58,,,,,
17-11-2020,475.62,,,,,
13-11-2020,466.98,,,,,
12-11-2020,471.01,,,,,
11-11-2020,469.78,,,,,
10-11-2020,457.8,,,,,
09-11-2020,463.11,,,,,
06-11-2020,441.61,,,,,
05-11-2020,448.87,,,,,
04-11-2020,444.7,,,,,
03-11-2020,446.22,,,,,
02-11-2020,448.97,,,,,
30-10-2020,425.76,,,,,
29-10-2020,442.49,,,,,
28-10-2020,443.52,,,,,
27-10-2020,425.36,,,,,
26-10-2020,426.05,,,,,
23-10-2020,426.39,,,,,
22-10-2020,422.71,,,,,
21-10-2020,411.28,,,,,
20-10-2020,397.54,,,,,
19-10-2020,390.37,,,,,
16-10-2020,394.25,,,,,
15-10-2020,391.84,,,,,
14-10-2020,405.63,,,,,
13-10-2020,407.65,,,,,
12-10-2020,407.4,,,,,
09-10-2020,417.36,,,,,
08-10-2020,416.63,,,,,
07-10-2020,414.67,,,,,
06-10-2020,418.89,,,,,
05-10-2020,416.63,,,,,
01-10-2020,424.38,,,,,
30-09-2020,413.19,,,,,
29-09-2020,427.57,,,,,
28-09-2020,435.47,,,,,
25-09-2020,431.55,,,,,
24-09-2020,411.57,,,,,
23-09-2020,425.81,,,,,
22-09-2020,462.27,,,,,
21-09-2020,459.13,,,,,
18-09-2020,485.44,,,,,
17-09-2020,470.17,,,,,
16-09-2020,472.87,,,,,
15-09-2020,476.6,,,,,
14-09-2020,465.36,,,,,
11-09-2020,482.59,,,,,
10-09-2020,488.18,,,,,
09-09-2020,494.96,,,,,
08-09-2020,488.92,,,,,
07-09-2020,505.95,,,,,
04-09-2020,513.51,,,,,
03-09-2020,528.09,,,,,
02-09-2020,540.4,,,,,
01-09-2020,536.18,,,,,
31-08-2020,503.64,,,,,
28-08-2020,513.8,,,,,
27-08-2020,501.73,,,,,
26-08-2020,505.02,,,,,
25-08-2020,518.91,,,,,
24-08-2020,517.19,,,,,
21-08-2020,510.66,,,,,
20-08-2020,515.86,,,,,
19-08-2020,525.97,,,,,
18-08-2020,516.6,,,,,
17-08-2020,511.79,,,,,
14-08-2020,518.86,,,,,
13-08-2020,525.48,,,,,
12-08-2020,537.61,,,,,
11-08-2020,540.94,,,,,
10-08-2020,548.55,,,,,
07-08-2020,550.47,,,,,
06-08-2020,545.07,,,,,
05-08-2020,548.65,,,,,
04-08-2020,538.88,,,,,
03-08-2020,537.26,,,,,
31-07-2020,544.63,,,,,
30-07-2020,542.51,,,,,
29-07-2020,555.77,,,,,
28-07-2020,554.2,,,,,
27-07-2020,549.19,,,,,
24-07-2020,549.14,,,,,
23-07-2020,556.75,,,,,
22-07-2020,558.66,,,,,
21-07-2020,557.29,,,,,
20-07-2020,565.14,,,,,
17-07-2020,556.3,,,,,
16-07-2020,552.38,,,,,
15-07-2020,553.21,,,,,
14-07-2020,578.49,,,,,
13-07-2020,575.99,,,,,
10-07-2020,564.11,,,,,
09-07-2020,558.17,,,,,
08-07-2020,550.96,,,,,
07-07-2020,556.7,,,,,
06-07-2020,565.97,,,,,
03-07-2020,570.73,,,,,
02-07-2020,548.16,,,,,
01-07-2020,549.83,,,,,
30-06-2020,549.53,,,,,
29-06-2020,556.65,,,,,
26-06-2020,550.07,,,,,
25-06-2020,548.7,,,,,
24-06-2020,547.08,,,,,
23-06-2020,568.13,,,,,
22-06-2020,570.34,,,,,
19-06-2020,561.95,,,,,
18-06-2020,550.56,,,,,
17-06-2020,553.07,,,,,
16-06-2020,534.86,,,,,
15-06-2020,540.55,,,,,
12-06-2020,549.78,,,,,
11-06-2020,541.68,,,,,
10-06-2020,556.65,,,,,
09-06-2020,557.34,,,,,
08-06-2020,574.37,,,,,
05-06-2020,573.58,,,,,
04-06-2020,561.9,,,,,
03-06-2020,541.48,,,,,
02-06-2020,547.82,,,,,
01-06-2020,548.75,,,,,
29-05-2020,542.42,,,,,
28-05-2020,552.38,,,,,
27-05-2020,552.72,,,,,
26-05-2020,548.94,,,,,
22-05-2020,582.27,,,,,
21-05-2020,583.59,,,,,
20-05-2020,583.1,,,,,
19-05-2020,587.77,,,,,
18-05-2020,528.13,,,,,
15-05-2020,543.89,,,,,
14-05-2020,529.9,,,,,
13-05-2020,545.7,,,,,
12-05-2020,549.53,,,,,
11-05-2020,526.32,,,,,
08-05-2020,520.28,,,,,
07-05-2020,518.32,,,,,
06-05-2020,535.94,,,,,
05-05-2020,518.32,,,,,
04-05-2020,522.69,,,,,
30-04-2020,504.82,,,,,
29-04-2020,486.86,,,,,
28-04-2020,476.7,,,,,
27-04-2020,484.95,,,,,
24-04-2020,485.14,,,,,
23-04-2020,486.86,,,,,
22-04-2020,492.16,,,,,
21-04-2020,491.28,,,,,
20-04-2020,481.26,,,,,
17-04-2020,493.19,,,,,
16-04-2020,491.23,,,,,
15-04-2020,501.09,,,,,
13-04-2020,502.76,,,,,
09-04-2020,479.69,,,,,
08-04-2020,453.14,,,,,
07-04-2020,461.54,,,,,
03-04-2020,416.14,,,,,
01-04-2020,413.58,,,,,
31-03-2020,432.77,,,,,
30-03-2020,423.11,,,,,
27-03-2020,440.68,,,,,
26-03-2020,462.02,,,,,
25-03-2020,421.19,,,,,
24-03-2020,396.6,,,,,
23-03-2020,399.84,,,,,
20-03-2020,454.12,,,,,
19-03-2020,436.55,,,,,
18-03-2020,417.71,,,,,
17-03-2020,446.32,,,,,
16-03-2020,456.23,,,,,
13-03-2020,482.79,,,,,
12-03-2020,456.38,,,,,
11-03-2020,484.7,,,,,
09-03-2020,487.11,,,,,
06-03-2020,509.58,,,,,
05-03-2020,517.19,,,,,
04-03-2020,507.23,,,,,
03-03-2020,511.2,,,,,
02-03-2020,508.8,,,,,
28-02-2020,513.85,,,,,
27-02-2020,521.85,,,,,
26-02-2020,526.07,,,,,
25-02-2020,525.39,,,,,
24-02-2020,520.13,,,,,
20-02-2020,535.54,,,,,
19-02-2020,533.39,,,,,
18-02-2020,538.15,,,,,
17-02-2020,554.44,,,,,
14-02-2020,554.59,,,,,
13-02-2020,530,,,,,
12-02-2020,529.66,,,,,
11-02-2020,524.45,,,,,
10-02-2020,528.77,,,,,
07-02-2020,529.51,,,,,
06-02-2020,536.72,,,,,
05-02-2020,523.52,,,,,
04-02-2020,509.34,,,,,
03-02-2020,500.65,,,,,
01-02-2020,497.2,,,,,
31-01-2020,487.3,,,,,
30-01-2020,480.77,,,,,
29-01-2020,481.21,,,,,
28-01-2020,482.2,,,,,
27-01-2020,504.92,,,,,
24-01-2020,514.59,,,,,
23-01-2020,514,,,,,
22-01-2020,505.02,,,,,
21-01-2020,502.32,,,,,
20-01-2020,499.33,,,,,
17-01-2020,490.83,,,,,
16-01-2020,465.17,,,,,
15-01-2020,459.23,,,,,
14-01-2020,460.7,,,,,
13-01-2020,460.26,,,,,
10-01-2020,448.58,,,,,
09-01-2020,451.62,,,,,
08-01-2020,450.39,,,,,
07-01-2020,436.9,,,,,
06-01-2020,441.36,,,,,
03-01-2020,446.71,,,,,
02-01-2020,446.81,,,,,
01-01-2020,444.95,,,,,
31-12-2019,447.4,,,,,
30-12-2019,452.01,,,,,
27-12-2019,446.71,,,,,
26-12-2019,439.3,,,,,
24-12-2019,448.73,,,,,
23-12-2019,446.42,,,,,
20-12-2019,445.44,,,,,
19-12-2019,441.17,,,,,
18-12-2019,430.22,,,,,
17-12-2019,431.84,,,,,
16-12-2019,414.08,,,,,
13-12-2019,419.92,,,,,
12-12-2019,430.57,,,,,
11-12-2019,434.59,,,,,
10-12-2019,438.76,,,,,
09-12-2019,437.63,,,,,
06-12-2019,436.65,,,,,
05-12-2019,439.11,,,,,
04-12-2019,452.9,,,,,
03-12-2019,450.64,,,,,
02-12-2019,450.15,,,,,
29-11-2019,434.3,,,,,
28-11-2019,428.6,,,,,
27-11-2019,425.36,,,,,
26-11-2019,424.38,,,,,
25-11-2019,443.08,,,,,
22-11-2019,412.9,,,,,
21-11-2019,418.44,,,,,
20-11-2019,429.24,,,,,
19-11-2019,431.25,,,,,
18-11-2019,401.66,,,,,
15-11-2019,385.81,,,,,
14-11-2019,355.82,,,,,
13-11-2019,361.81,,,,,
11-11-2019,364.65,,,,,
08-11-2019,362.35,,,,,
07-11-2019,364.9,,,,,
06-11-2019,364.61,,,,,
05-11-2019,376.87,,,,,
04-11-2019,371.03,,,,,
01-11-2019,366.17,,,,,
31-10-2019,367.35,,,,,
30-10-2019,361.17,,,,,
29-10-2019,353.27,,,,,
27-10-2019,373.1,,,,,
25-10-2019,368.24,,,,,
24-10-2019,365.49,,,,,
23-10-2019,353.71,,,,,
22-10-2019,367.21,,,,,
18-10-2019,376.43,,,,,
17-10-2019,378.74,,,,,
16-10-2019,378.15,,,,,
15-10-2019,376.58,,,,,
14-10-2019,386.3,,,,,
11-10-2019,375.84,,,,,
10-10-2019,370.3,,,,,
09-10-2019,352.78,,,,,
07-10-2019,335.26,,,,,
04-10-2019,333.24,,,,,
03-10-2019,338.54,,,,,
01-10-2019,344.48,,,,,
30-09-2019,360.29,,,,,
27-09-2019,342.67,,,,,
26-09-2019,337.71,,,,,
25-09-2019,335.35,,,,,
24-09-2019,342.23,,,,,
23-09-2019,341.59,,,,,
20-09-2019,349.83,,,,,
19-09-2019,331.38,,,,,
18-09-2019,329.42,,,,,
17-09-2019,333.59,,,,,
16-09-2019,337.66,,,,,
13-09-2019,336.73,,,,,
12-09-2019,341.14,,,,,
11-09-2019,348.56,,,,,
09-09-2019,349.88,,,,,
06-09-2019,342.81,,,,,
05-09-2019,341.29,,,,,
04-09-2019,339.33,,,,,
03-09-2019,330.64,,,,,
30-08-2019,346.8,,,,,
29-08-2019,343.5,,,,,
28-08-2019,345.8,,,,,
27-08-2019,348.3,,,,,
26-08-2019,360.65,,,,,
23-08-2019,356.4,,,,,
22-08-2019,352.75,,,,,
21-08-2019,354.9,,,,,
20-08-2019,358.05,,,,,
19-08-2019,361,,,,,
16-08-2019,361.55,,,,,
14-08-2019,361.2,,,,,
13-08-2019,351.65,,,,,
09-08-2019,371.15,,,,,
08-08-2019,372.15,,,,,
07-08-2019,366.1,,,,,
06-08-2019,368.45,,,,,
05-08-2019,357.7,,,,,
02-08-2019,343.55,,,,,
01-08-2019,323.9,,,,,
31-07-2019,337.6,,,,,
30-07-2019,345.75,,,,,
29-07-2019,334.55,,,,,
26-07-2019,334.9,,,,,
25-07-2019,339,,,,,
24-07-2019,338.9,,,,,
23-07-2019,343.6,,,,,
22-07-2019,342.55,,,,,
19-07-2019,339.95,,,,,
18-07-2019,342.5,,,,,
17-07-2019,346.25,,,,,
16-07-2019,350.75,,,,,
15-07-2019,350.6,,,,,
12-07-2019,356.1,,,,,
11-07-2019,360.75,,,,,
10-07-2019,358.55,,,,,
09-07-2019,362.3,,,,,
08-07-2019,356.4,,,,,
05-07-2019,364.8,,,,,
04-07-2019,362.75,,,,,
03-07-2019,353.2,,,,,
02-07-2019,353.6,,,,,
01-07-2019,348.5,,,,,
28-06-2019,346.65,,,,,
27-06-2019,348.65,,,,,
26-06-2019,345.55,,,,,
25-06-2019,348.6,,,,,
24-06-2019,345.1,,,,,
21-06-2019,343.8,,,,,
20-06-2019,348.55,,,,,
19-06-2019,341.1,,,,,
18-06-2019,345.15,,,,,
17-06-2019,344,,,,,
14-06-2019,353.3,,,,,
13-06-2019,363.75,,,,,
12-06-2019,359.9,,,,,
11-06-2019,363.25,,,,,
10-06-2019,363.45,,,,,
07-06-2019,357.1,,,,,
06-06-2019,353.8,,,,,
04-06-2019,352.4,,,,,
03-06-2019,352.75,,,,,
31-05-2019,348.8,,,,,
30-05-2019,346.7,,,,,
29-05-2019,338.8,,,,,
28-05-2019,345.6,,,,,
27-05-2019,349.5,,,,,
24-05-2019,353.2,,,,,
23-05-2019,338.8,,,,,
22-05-2019,335.15,,,,,
21-05-2019,330.65,,,,,
20-05-2019,340.1,,,,,
17-05-2019,328.45,,,,,
16-05-2019,325.2,,,,,
15-05-2019,331.25,,,,,
14-05-2019,336.6,,,,,
13-05-2019,318.65,,,,,
10-05-2019,324.1,,,,,
09-05-2019,315.45,,,,,
08-05-2019,324.5,,,,,
07-05-2019,324.95,,,,,
06-05-2019,333.45,,,,,
03-05-2019,331.45,,,,,
02-05-2019,324.2,,,,,
30-04-2019,320.3,,,,,
26-04-2019,325.45,,,,,
25-04-2019,328.5,,,,,
24-04-2019,324.5,,,,,
23-04-2019,316.5,,,,,
22-04-2019,320.81,,,,,
18-04-2019,318.56,,,,,
16-04-2019,320.21,,,,,
15-04-2019,319.25,,,,,
12-04-2019,313.97,,,,,
11-04-2019,318.01,,,,,
10-04-2019,312.18,,,,,
09-04-2019,322.83,,,,,
08-04-2019,325.91,,,,,
05-04-2019,327.47,,,,,
04-04-2019,327.61,,,,,
03-04-2019,321.36,,,,,
02-04-2019,327.28,,,,,
01-04-2019,312.92,,,,,
29-03-2019,305.85,,,,,
28-03-2019,302.95,,,,,
27-03-2019,296.11,,,,,
26-03-2019,300.98,,,,,
25-03-2019,300.24,,,,,
22-03-2019,304.42,,,,,
20-03-2019,306.67,,,,,
19-03-2019,309.2,,,,,
18-03-2019,303.55,,,,,
15-03-2019,310.07,,,,,
14-03-2019,314.38,,,,,
13-03-2019,310.11,,,,,
12-03-2019,323.02,,,,,
11-03-2019,306.49,,,,,
08-03-2019,283.44,,,,,
07-03-2019,282.48,,,,,
06-03-2019,284.08,,,,,
05-03-2019,282.66,,,,,
01-03-2019,282.48,,,,,
28-02-2019,292.03,,,,,
27-02-2019,293.96,,,,,
26-02-2019,289.64,,,,,
25-02-2019,291.29,,,,,
22-02-2019,288.17,,,,,
21-02-2019,284.54,,,,,
20-02-2019,283.72,,,,,
19-02-2019,278.85,,,,,
18-02-2019,277.8,,,,,
15-02-2019,279.68,,,,,
14-02-2019,276.19,,,,,
13-02-2019,285.14,,,,,
12-02-2019,285.78,,,,,
11-02-2019,286.66,,,,,
08-02-2019,287.62,,,,,
07-02-2019,285.69,,,,,
06-02-2019,283.49,,,,,
05-02-2019,282.98,,,,,
04-02-2019,281.47,,,,,
01-02-2019,286.33,,,,,
31-01-2019,281.33,,,,,
30-01-2019,278.85,,,,,
29-01-2019,282.66,,,,,
28-01-2019,280.18,,,,,
25-01-2019,282.34,,,,,
24-01-2019,276.97,,,,,
23-01-2019,278.85,,,,,
22-01-2019,279.91,,,,,
21-01-2019,285.88,,,,,
18-01-2019,285.69,,,,,
17-01-2019,304.88,,,,,
16-01-2019,306.63,,,,,
15-01-2019,310.11,,,,,
14-01-2019,304.47,,,,,
11-01-2019,307.68,,,,,
10-01-2019,309.7,,,,,
09-01-2019,307.13,,,,,
08-01-2019,302.31,,,,,
07-01-2019,298.36,,,,,
04-01-2019,296.07,,,,,
03-01-2019,287.85,,,,,
02-01-2019,287.07,,,,,
01-01-2019,293.36,,,,,
31-12-2018,286.93,,,,,
28-12-2018,290.65,,,,,
27-12-2018,290.79,,,,,
26-12-2018,294.23,,,,,
24-12-2018,283.81,,,,,
21-12-2018,282.71,,,,,
20-12-2018,290.65,,,,,
19-12-2018,296.3,,,,,
18-12-2018,291.8,,,,,
17-12-2018,289.41,,,,,
14-12-2018,293.13,,,,,
13-12-2018,278.3,,,,,
12-12-2018,280.55,,,,,
11-12-2018,266.5,,,,,
10-12-2018,270.82,,,,,
07-12-2018,279.08,,,,,
06-12-2018,279.13,,,,,
05-12-2018,287.21,,,,,
04-12-2018,292.49,,,,,
03-12-2018,293.59,,,,,
30-11-2018,287.85,,,,,
29-11-2018,291.25,,,,,
28-11-2018,288.4,,,,,
27-11-2018,301.3,,,,,
26-11-2018,307.18,,,,,
22-11-2018,301.02,,,,,
21-11-2018,305.48,,,,,
20-11-2018,304.79,,,,,
19-11-2018,309.29,,,,,
16-11-2018,305.52,,,,,
15-11-2018,279.49,,,,,
14-11-2018,276.65,,,,,
13-11-2018,273.2,,,,,
12-11-2018,271.96,,,,,
09-11-2018,275.22,,,,,
07-11-2018,281.19,,,,,
06-11-2018,280.09,,,,,
05-11-2018,278.39,,,,,
02-11-2018,277.34,,,,,
01-11-2018,269.49,,,,,
31-10-2018,268.43,,,,,
30-10-2018,268.66,,,,,
29-10-2018,270.04,,,,,
26-10-2018,273.57,,,,,
25-10-2018,271.37,,,,,
24-10-2018,290.01,,,,,
23-10-2018,262.51,,,,,
22-10-2018,262.37,,,,,
19-10-2018,263.79,,,,,
17-10-2018,264.89,,,,,
16-10-2018,269.94,,,,,
15-10-2018,267.28,,,,,
12-10-2018,266.32,,,,,
11-10-2018,262,,,,,
10-10-2018,270.95,,,,,
09-10-2018,265.35,,,,,
08-10-2018,271.05,,,,,
05-10-2018,274.17,,,,,
04-10-2018,284.77,,,,,
03-10-2018,292.39,,,,,
01-10-2018,300.01,,,,,
28-09-2018,310.85,,,,,
27-09-2018,327.61,,,,,
26-09-2018,331.74,,,,,
25-09-2018,331,,,,,
24-09-2018,327.06,,,,,
21-09-2018,340.19,,,,,
19-09-2018,339.77,,,,,
18-09-2018,343.12,,,,,
17-09-2018,350.79,,,,,
14-09-2018,352.21,,,,,
12-09-2018,345.88,,,,,
11-09-2018,347.71,,,,,
10-09-2018,356.62,,,,,
07-09-2018,357.72,,,,,
06-09-2018,341.84,,,,,
05-09-2018,341.61,,,,,
04-09-2018,347.39,,,,,
03-09-2018,352.4,,,,,
31-08-2018,352.44,,,,,
30-08-2018,351.75,,,,,
29-08-2018,344.23,,,,,
28-08-2018,345.97,,,,,
27-08-2018,348.13,,,,,
24-08-2018,338.76,,,,,
23-08-2018,339.63,,,,,
21-08-2018,338.12,,,,,
20-08-2018,340.23,,,,,
17-08-2018,341.01,,,,,
16-08-2018,341.56,,,,,
14-08-2018,336.97,,,,,
13-08-2018,339.86,,,,,
10-08-2018,339.54,,,,,
09-08-2018,337.02,,,,,
08-08-2018,353.77,,,,,
07-08-2018,350.65,,,,,
06-08-2018,354.19,,,,,
03-08-2018,343.86,,,,,
02-08-2018,342.48,,,,,
01-08-2018,353.04,,,,,
31-07-2018,358.64,,,,,
30-07-2018,351.89,,,,,
27-07-2018,334.86,,,,,
26-07-2018,328.39,,,,,
25-07-2018,323.47,,,,,
24-07-2018,327.61,,,,,
23-07-2018,329.58,,,,,
20-07-2018,317.14,,,,,
19-07-2018,316.77,,,,,
18-07-2018,309.24,,,,,
17-07-2018,314.52,,,,,
16-07-2018,318.98,,,,,
13-07-2018,329.58,,,,,
12-07-2018,332.52,,,,,
11-07-2018,332.38,,,,,
10-07-2018,337.71,,,,,
09-07-2018,332.47,,,,,
06-07-2018,332.61,,,,,
05-07-2018,333.67,,,,,
04-07-2018,337.34,,,,,
03-07-2018,340.41,,,,,
02-07-2018,337.94,,,,,
29-06-2018,350.7,,,,,
28-06-2018,347.03,,,,,
27-06-2018,344.91,,,,,
26-06-2018,349.09,,,,,
25-06-2018,343.54,,,,,
22-06-2018,343.9,,,,,
21-06-2018,338.53,,,,,
20-06-2018,341.47,,,,,
19-06-2018,340.83,,,,,
18-06-2018,340.55,,,,,
15-06-2018,347.3,,,,,
14-06-2018,345.69,,,,,
13-06-2018,344.91,,,,,
12-06-2018,349.5,,,,,
11-06-2018,356.99,,,,,
08-06-2018,346.66,,,,,
07-06-2018,348.86,,,,,
06-06-2018,348.68,,,,,
05-06-2018,334.49,,,,,
04-06-2018,341.84,,,,,
01-06-2018,352.31,,,,,
31-05-2018,343.03,,,,,
30-05-2018,345.05,,,,,
29-05-2018,348.13,,,,,
28-05-2018,344.45,,,,,
25-05-2018,346.11,,,,,
24-05-2018,341.47,,,,,
23-05-2018,327.61,,,,,
22-05-2018,332.24,,,,,
21-05-2018,330.54,,,,,
18-05-2018,331.78,,,,,
17-05-2018,337.52,,,,,
16-05-2018,344.64,,,,,
15-05-2018,350.7,,,,,
14-05-2018,351.8,,,,,
11-05-2018,354.97,,,,,
10-05-2018,378.38,,,,,
09-05-2018,369.52,,,,,
08-05-2018,368.33,,,,,
07-05-2018,365.66,,,,,
04-05-2018,364.29,,,,,
03-05-2018,371.31,,,,,
02-05-2018,375.03,,,,,
30-04-2018,376.04,,,,,
27-04-2018,375.31,,,,,
26-04-2018,375.72,,,,,
25-04-2018,385.5,,,,,
24-04-2018,373.01,,,,,
23-04-2018,369.89,,,,,
20-04-2018,369.11,,,,,
19-04-2018,363,,,,,
18-04-2018,352.81,,,,,
17-04-2018,350.79,,,,,
16-04-2018,345.83,,,,,
13-04-2018,346.98,,,,,
12-04-2018,349.09,,,,,
11-04-2018,353.77,,,,,
10-04-2018,354,,,,,
09-04-2018,349.18,,,,,
06-04-2018,353.45,,,,,
05-04-2018,361.67,,,,,
04-04-2018,362.73,,,,,
03-04-2018,369.29,,,,,
02-04-2018,362.77,,,,,
28-03-2018,366.08,,,,,
27-03-2018,379.39,,,,,
26-03-2018,387.01,,,,,
23-03-2018,378.93,,,,,
22-03-2018,381.6,,,,,
21-03-2018,383.98,,,,,
20-03-2018,367.64,,,,,
19-03-2018,366.95,,,,,
16-03-2018,382.65,,,,,
15-03-2018,386.05,,,,,
14-03-2018,388.02,,,,,
13-03-2018,391.42,,,,,
12-03-2018,387.06,,,,,
09-03-2018,369.25,,,,,
08-03-2018,368.47,,,,,
07-03-2018,370.21,,,,,
06-03-2018,380.03,,,,,
05-03-2018,386.97,,,,,
01-03-2018,392.75,,,,,
28-02-2018,393.49,,,,,
27-02-2018,395.28,,,,,
26-02-2018,388.53,,,,,
23-02-2018,390.73,,,,,
22-02-2018,382.05,,,,,
21-02-2018,385.31,,,,,
20-02-2018,383.89,,,,,
19-02-2018,380.45,,,,,
16-02-2018,385.36,,,,,
15-02-2018,393.85,,,,,
14-02-2018,399.22,,,,,
12-02-2018,389.68,,,,,
09-02-2018,387.93,,,,,
08-02-2018,394.63,,,,,
07-02-2018,395.05,,,,,
06-02-2018,403.22,,,,,
05-02-2018,404.18,,,,,
02-02-2018,387.79,,,,,
01-02-2018,402.53,,,,,
31-01-2018,403.86,,,,,
30-01-2018,404.55,,,,,
29-01-2018,404.55,,,,,
25-01-2018,415.66,,,,,
24-01-2018,421.9,,,,,
23-01-2018,451.84,,,,,
22-01-2018,450.55,,,,,
19-01-2018,457.16,,,,,
18-01-2018,454.5,,,,,
17-01-2018,459,,,,,
16-01-2018,456.56,,,,,
15-01-2018,463.22,,,,,
12-01-2018,467.86,,,,,
11-01-2018,472.63,,,,,
10-01-2018,464.97,,,,,
09-01-2018,468.09,,,,,
08-01-2018,474.1,,,,,
05-01-2018,495.82,,,,,
04-01-2018,480.21,,,,,
03-01-2018,475.8,,,,,
02-01-2018,474.29,,,,,
01-01-2018,484.71,,,,,
29-12-2017,486.31,,,,,
28-12-2017,487.87,,,,,
27-12-2017,490.9,,,,,
26-12-2017,498.53,,,,,
22-12-2017,485.3,,,,,
21-12-2017,481.22,,,,,
20-12-2017,485.62,,,,,
19-12-2017,492.69,,,,,
18-12-2017,483.19,,,,,
15-12-2017,475.57,,,,,
14-12-2017,477.73,,,,,
13-12-2017,475.02,,,,,
12-12-2017,480.99,,,,,
11-12-2017,489.11,,,,,
08-12-2017,482.18,,,,,
07-12-2017,472.59,,,,,
06-12-2017,443.89,,,,,
05-12-2017,450.5,,,,,
04-12-2017,444.67,,,,,
01-12-2017,444.54,,,,,
30-11-2017,455.83,,,,,
29-11-2017,455.19,,,,,
28-11-2017,451.74,,,,,
27-11-2017,457.25,,,,,
24-11-2017,456.15,,,,,
23-11-2017,455.74,,,,,
22-11-2017,458.26,,,,,
21-11-2017,462.07,,,,,
20-11-2017,452.34,,,,,
17-11-2017,453.12,,,,,
16-11-2017,449.82,,,,,
15-11-2017,446.92,,,,,
14-11-2017,457.39,,,,,
13-11-2017,457.25,,,,,
10-11-2017,462.26,,,,,
09-11-2017,462.99,,,,,
08-11-2017,454.77,,,,,
07-11-2017,472.27,,,,,
06-11-2017,488.98,,,,,
03-11-2017,496.96,,,,,
02-11-2017,498.75,,,,,
01-11-2017,494.99,,,,,
31-10-2017,456.52,,,,,
30-10-2017,452.57,,,,,
27-10-2017,445.59,,,,,
26-10-2017,469.46,,,,,
25-10-2017,473.55,,,,,
24-10-2017,460.97,,,,,
23-10-2017,456.66,,,,,
19-10-2017,434.99,,,,,
18-10-2017,424.15,,,,,
17-10-2017,427.83,,,,,
16-10-2017,416.21,,,,,
13-10-2017,395.64,,,,,
12-10-2017,367.5,,,,,
11-10-2017,370.53,,,,,
10-10-2017,353.13,,,,,
09-10-2017,347.94,,,,,
06-10-2017,351.02,,,,,
05-10-2017,346.8,,,,,
04-10-2017,346.29,,,,,
03-10-2017,353.18,,,,,
29-09-2017,357.58,,,,,
28-09-2017,350.79,,,,,
27-09-2017,354.37,,,,,
26-09-2017,355.66,,,,,
25-09-2017,357.86,,,,,
22-09-2017,363,,,,,
21-09-2017,367.36,,,,,
20-09-2017,364.38,,,,,
19-09-2017,362.5,,,,,
18-09-2017,364.2,,,,,
15-09-2017,363.6,,,,,
14-09-2017,366.26,,,,,
13-09-2017,368.79,,,,,
12-09-2017,372.05,,,,,
11-09-2017,369.98,,,,,
08-09-2017,370.49,,,,,
07-09-2017,364.79,,,,,
06-09-2017,369.57,,,,,
05-09-2017,373.24,,,,,
04-09-2017,382.33,,,,,
01-09-2017,387.98,,,,,
31-08-2017,392.71,,,,,
30-08-2017,393.9,,,,,
29-08-2017,393.07,,,,,
28-08-2017,398.86,,,,,
24-08-2017,397.53,,,,,
23-08-2017,396.56,,,,,
22-08-2017,387.56,,,,,
21-08-2017,384.85,,,,,
18-08-2017,386.55,,,,,
17-08-2017,382.28,,,,,
16-08-2017,374.39,,,,,
14-08-2017,375.12,,,,,
11-08-2017,380.63,,,,,
10-08-2017,382.19,,,,,
09-08-2017,382.01,,,,,
08-08-2017,383.62,,,,,
07-08-2017,383.29,,,,,
04-08-2017,386.46,,,,,
03-08-2017,389.49,,,,,
02-08-2017,381.82,,,,,
01-08-2017,382.93,,,,,
31-07-2017,384.67,,,,,
28-07-2017,379.48,,,,,
27-07-2017,382.01,,,,,
26-07-2017,391.37,,,,,
25-07-2017,392.8,,,,,
24-07-2017,385.68,,,,,
21-07-2017,377.65,,,,,
20-07-2017,385.45,,,,,
19-07-2017,386.78,,,,,
18-07-2017,374.89,,,,,
17-07-2017,375.03,,,,,
14-07-2017,373.7,,,,,
13-07-2017,370.16,,,,,
12-07-2017,364.61,,,,,
11-07-2017,363.09,,,,,
10-07-2017,372.51,,,,,
07-07-2017,354.33,,,,,
06-07-2017,350.1,,,,,
05-07-2017,345.51,,,,,
04-07-2017,348.27,,,,,
03-07-2017,350.79,,,,,
30-06-2017,348.63,,,,,
29-06-2017,351.16,,,,,
28-06-2017,346.34,,,,,
27-06-2017,341.06,,,,,
23-06-2017,336.24,,,,,
22-06-2017,336.24,,,,,
21-06-2017,337.25,,,,,
20-06-2017,336.6,,,,,
19-06-2017,337.43,,,,,
16-06-2017,335,,,,,
15-06-2017,335.41,,,,,
14-06-2017,335.59,,,,,
13-06-2017,333.48,,,,,
12-06-2017,335.32,,,,,
09-06-2017,337.71,,,,,
08-06-2017,337.61,,,,,
07-06-2017,342.3,,,,,
06-06-2017,338.81,,,,,
05-06-2017,341.93,,,,,
02-06-2017,342.71,,,,,
01-06-2017,336.88,,,,,
31-05-2017,341.15,,,,,
30-05-2017,340.37,,,,,
29-05-2017,342.57,,,,,
26-05-2017,343.03,,,,,
25-05-2017,340.37,,,,,
24-05-2017,338.21,,,,,
23-05-2017,341.47,,,,,
22-05-2017,342.07,,,,,
19-05-2017,342.25,,,,,
18-05-2017,340.41,,,,,
17-05-2017,345.19,,,,,
16-05-2017,343.72,,,,,
15-05-2017,334.35,,,,,
12-05-2017,335.23,,,,,
11-05-2017,336.05,,,,,
10-05-2017,342.25,,,,,
09-05-2017,317,,,,,
08-05-2017,322.56,,,,,
05-05-2017,316.54,,,,,
04-05-2017,317.69,,,,,
03-05-2017,318.01,,,,,
02-05-2017,319.16,,,,,
28-04-2017,326.41,,,,,
27-04-2017,328.62,,,,,
26-04-2017,328.29,,,,,
25-04-2017,324.99,,,,,
24-04-2017,316.45,,,,,
21-04-2017,314.75,,,,,
20-04-2017,314.71,,,,,
19-04-2017,312.13,,,,,
18-04-2017,311.08,,,,,
17-04-2017,313.37,,,,,
13-04-2017,312.41,,,,,
12-04-2017,322.1,,,,,
11-04-2017,321.55,,,,,
10-04-2017,317.41,,,,,
07-04-2017,316.5,,,,,
06-04-2017,313.83,,,,,
05-04-2017,316.31,,,,,
03-04-2017,313.83,,,,,
31-03-2017,321.41,,,,,
30-03-2017,322.46,,,,,
29-03-2017,316.63,,,,,
28-03-2017,312.87,,,,,
27-03-2017,310.99,,,,,
24-03-2017,312.64,,,,,
23-03-2017,310.8,,,,,
22-03-2017,310.53,,,,,
21-03-2017,321.27,,,,,
20-03-2017,320.81,,,,,
17-03-2017,318.47,,,,,
16-03-2017,331.14,,,,,
15-03-2017,333.48,,,,,
14-03-2017,331.55,,,,,
10-03-2017,335.04,,,,,
09-03-2017,330.73,,,,,
08-03-2017,331.19,,,,,
07-03-2017,331.55,,,,,
06-03-2017,331.92,,,,,
03-03-2017,327.01,,,,,
02-03-2017,327.65,,,,,
01-03-2017,333.07,,,,,
28-02-2017,335.27,,,,,
27-02-2017,326.6,,,,,
23-02-2017,336.28,,,,,
22-02-2017,331.46,,,,,
21-02-2017,333.16,,,,,
20-02-2017,344.64,,,,,
17-02-2017,339.27,,,,,
16-02-2017,335.78,,,,,
15-02-2017,335.41,,,,,
14-02-2017,338.76,,,,,
13-02-2017,328.75,,,,,
10-02-2017,328.29,,,,,
09-02-2017,326.18,,,,,
08-02-2017,323.38,,,,,
07-02-2017,324.25,,,,,
06-02-2017,326.18,,,,,
03-02-2017,324.85,,,,,
02-02-2017,324.39,,,,,
01-02-2017,316.86,,,,,
31-01-2017,319.71,,,,,
30-01-2017,317.37,,,,,
27-01-2017,297.26,,,,,
25-01-2017,285.88,,,,,
24-01-2017,290.6,,,,,
23-01-2017,293.5,,,,,
20-01-2017,294.32,,,,,
19-01-2017,291.15,,,,,
18-01-2017,288.22,,,,,
17-01-2017,292.44,,,,,
16-01-2017,292.53,,,,,
13-01-2017,294,,,,,
12-01-2017,295.47,,,,,
11-01-2017,296.34,,,,,
10-01-2017,293.91,,,,,
09-01-2017,291.94,,,,,
06-01-2017,293.59,,,,,
05-01-2017,294.83,,,,,
04-01-2017,288.22,,,,,
03-01-2017,279.54,,,,,
02-01-2017,285.55,,,,,
30-12-2016,280.64,,,,,
29-12-2016,278.21,,,,,
28-12-2016,274.99,,,,,
27-12-2016,275.09,,,,,
26-12-2016,271.87,,,,,
23-12-2016,271.37,,,,,
22-12-2016,268.34,,,,,
21-12-2016,277.01,,,,,
20-12-2016,277.8,,,,,
19-12-2016,280.5,,,,,
16-12-2016,284.87,,,,,
15-12-2016,292.39,,,,,
14-12-2016,296.2,,,,,
13-12-2016,303,,,,,
12-12-2016,302.22,,,,,
09-12-2016,304.84,,,,,
08-12-2016,305.25,,,,,
07-12-2016,301.3,,,,,
06-12-2016,301.94,,,,,
05-12-2016,300.01,,,,,
02-12-2016,292.53,,,,,
01-12-2016,292.16,,,,,
30-11-2016,298.04,,,,,
29-11-2016,298.27,,,,,
28-11-2016,292.72,,,,,
25-11-2016,276.37,,,,,
24-11-2016,277.66,,,,,
23-11-2016,275.96,,,,,
22-11-2016,279.08,,,,,
21-11-2016,274.99,,,,,
18-11-2016,278.9,,,,,
17-11-2016,272.84,,,,,
16-11-2016,284.31,,,,,
15-11-2016,277.89,,,,,
11-11-2016,276.74,,,,,
10-11-2016,283.4,,,,,
09-11-2016,276.37,,,,,
08-11-2016,279.95,,,,,
07-11-2016,280.6,,,,,
04-11-2016,281.61,,,,,
03-11-2016,283.67,,,,,
02-11-2016,284.27,,,,,
01-11-2016,291.48,,,,,
30-10-2016,292.62,,,,,
28-10-2016,292.76,,,,,
27-10-2016,296.66,,,,,
26-10-2016,291.71,,,,,
25-10-2016,286.29,,,,,
24-10-2016,281.56,,,,,
21-10-2016,284.41,,,,,
20-10-2016,283.81,,,,,
19-10-2016,281.84,,,,,
18-10-2016,281.56,,,,,
17-10-2016,276.65,,,,,
14-10-2016,280.41,,,,,
13-10-2016,281.65,,,,,
10-10-2016,290.05,,,,,
07-10-2016,293.31,,,,,
06-10-2016,295.93,,,,,
05-10-2016,295.38,,,,,
04-10-2016,297.49,,,,,
03-10-2016,292.62,,,,,
30-09-2016,288.31,,,,,
29-09-2016,289.87,,,,,
28-09-2016,295.42,,,,,
27-09-2016,289.04,,,,,
26-09-2016,294.14,,,,,
23-09-2016,300.2,,,,,
22-09-2016,300.24,,,,,
21-09-2016,295.52,,,,,
20-09-2016,293.08,,,,,
19-09-2016,297.63,,,,,
16-09-2016,297.12,,,,,
15-09-2016,296.3,,,,,
14-09-2016,293.68,,,,,
12-09-2016,292.03,,,,,
09-09-2016,295.75,,,,,
08-09-2016,297.86,,,,,
07-09-2016,293.96,,,,,
06-09-2016,295.19,,,,,
02-09-2016,292.81,,,,,
01-09-2016,285.42,,,,,
31-08-2016,304.51,,,,,
30-08-2016,304.7,,,,,
29-08-2016,314.57,,,,,
26-08-2016,315.81,,,,,
25-08-2016,317.69,,,,,
24-08-2016,323.75,,,,,
23-08-2016,324.81,,,,,
22-08-2016,321.55,,,,,
19-08-2016,322.65,,,,,
18-08-2016,324.25,,,,,
17-08-2016,317.37,,,,,
16-08-2016,314.43,,,,,
12-08-2016,319.34,,,,,
11-08-2016,318.01,,,,,
10-08-2016,318.1,,,,,
09-08-2016,320.86,,,,,
08-08-2016,322.79,,,,,
05-08-2016,334.22,,,,,
04-08-2016,336.28,,,,,
03-08-2016,329.49,,,,,
02-08-2016,328.52,,,,,
01-08-2016,334.22,,,,,
29-07-2016,332.43,,,,,
28-07-2016,341.47,,,,,
27-07-2016,342.07,,,,,
26-07-2016,339.59,,,,,
25-07-2016,341.52,,,,,
22-07-2016,337.29,,,,,
21-07-2016,337.75,,,,,
20-07-2016,333.67,,,,,
19-07-2016,334.49,,,,,
18-07-2016,332.98,,,,,
15-07-2016,347.9,,,,,
14-07-2016,336.93,,,,,
13-07-2016,333.94,,,,,
12-07-2016,333.57,,,,,
11-07-2016,330.41,,,,,
08-07-2016,326,,,,,
07-07-2016,333.62,,,,,
05-07-2016,335.96,,,,,
04-07-2016,342.8,,,,,
01-07-2016,338.21,,,,,
30-06-2016,336.79,,,,,
29-06-2016,327.06,,,,,
28-06-2016,327.88,,,,,
27-06-2016,322.42,,,,,
24-06-2016,326.73,,,,,
23-06-2016,334.95,,,,,
22-06-2016,333.34,,,,,
21-06-2016,332.56,,,,,
20-06-2016,334.68,,,,,
17-06-2016,327.79,,,,,
16-06-2016,318.15,,,,,
15-06-2016,323.11,,,,,
14-06-2016,314.61,,,,,
13-06-2016,314.38,,,,,
10-06-2016,322.37,,,,,
09-06-2016,322.51,,,,,
08-06-2016,323.8,,,,,
07-06-2016,320.58,,,,,
06-06-2016,320.21,,,,,
03-06-2016,328.85,,,,,
02-06-2016,336.24,,,,,
01-06-2016,333.53,,,,,
31-05-2016,322.65,,,,,
30-05-2016,326.78,,,,,
27-05-2016,322.51,,,,,
26-05-2016,323.98,,,,,
25-05-2016,322.88,,,,,
24-05-2016,316.91,,,,,
23-05-2016,317.55,,,,,
20-05-2016,313.97,,,,,
19-05-2016,316.59,,,,,
18-05-2016,322.51,,,,,
17-05-2016,322.46,,,,,
16-05-2016,324.53,,,,,
13-05-2016,325.86,,,,,
12-05-2016,332.47,,,,,
11-05-2016,329.53,,,,,
10-05-2016,338.67,,,,,
09-05-2016,336.79,,,,,
06-05-2016,329.72,,,,,
05-05-2016,325.4,,,,,
04-05-2016,331.88,,,,,
03-05-2016,338.21,,,,,
02-05-2016,328.52,,,,,
29-04-2016,333.85,,,,,
28-04-2016,342.21,,,,,
27-04-2016,342.53,,,,,
26-04-2016,330.91,,,,,
25-04-2016,329.58,,,,,
22-04-2016,324.21,,,,,
21-04-2016,328.02,,,,,
20-04-2016,327.47,,,,,
18-04-2016,329.99,,,,,
13-04-2016,322.51,,,,,
12-04-2016,321.45,,,,,
11-04-2016,319.76,,,,,
08-04-2016,307.22,,,,,
07-04-2016,304.15,,,,,
06-04-2016,307.13,,,,,
05-04-2016,303.46,,,,,
04-04-2016,319.99,,,,,
01-04-2016,308,,,,,
31-03-2016,322.1,,,,,
30-03-2016,324.85,,,,,
29-03-2016,325.49,,,,,
28-03-2016,321.18,,,,,
23-03-2016,328.89,,,,,
22-03-2016,322.19,,,,,
21-03-2016,324.71,,,,,
18-03-2016,316.13,,,,,
17-03-2016,312.87,,,,,
16-03-2016,310.8,,,,,
15-03-2016,314.84,,,,,
14-03-2016,312.87,,,,,
11-03-2016,309.66,,,,,
10-03-2016,308.78,,,,,
09-03-2016,307.22,,,,,
08-03-2016,304.38,,,,,
04-03-2016,302.31,,,,,
03-03-2016,306.12,,,,,
02-03-2016,299.65,,,,,
01-03-2016,294.46,,,,,
29-02-2016,289.69,,,,,
26-02-2016,291.94,,,,,
25-02-2016,296.16,,,,,
24-02-2016,297.44,,,,,
23-02-2016,295.01,,,,,
22-02-2016,302.17,,,,,
19-02-2016,299.37,,,,,
18-02-2016,294.92,,,,,
17-02-2016,293.4,,,,,
16-02-2016,289.5,,,,,
15-02-2016,292.81,,,,,
12-02-2016,297.99,,,,,
11-02-2016,283.44,,,,,
10-02-2016,285.83,,,,,
09-02-2016,286.7,,,,,
08-02-2016,285.55,,,,,
05-02-2016,282.06,,,,,
04-02-2016,279.36,,,,,
03-02-2016,275.27,,,,,
02-02-2016,277.47,,,,,
01-02-2016,272.33,,,,,
29-01-2016,266.18,,,,,
28-01-2016,267.56,,,,,
27-01-2016,273.43,,,,,
25-01-2016,273.16,,,,,
22-01-2016,274.26,,,,,
21-01-2016,283.99,,,,,
20-01-2016,284.27,,,,,
19-01-2016,284.91,,,,,
18-01-2016,275.68,,,,,
15-01-2016,281.05,,,,,
14-01-2016,283.49,,,,,
13-01-2016,283.35,,,,,
12-01-2016,289.59,,,,,
11-01-2016,294.87,,,,,
08-01-2016,297.35,,,,,
07-01-2016,295.98,,,,,
06-01-2016,295.84,,,,,
05-01-2016,296.98,,,,,
04-01-2016,300.06,,,,,
01-01-2016,312.64,,,,,
31-12-2015,312.55,,,,,
30-12-2015,305.85,,,,,
29-12-2015,307.82,,,,,
28-12-2015,304.61,,,,,
24-12-2015,310.76,,,,,
23-12-2015,305.16,,,,,
22-12-2015,296.76,,,,,
21-12-2015,294.64,,,,,
18-12-2015,292.95,,,,,
17-12-2015,296.02,,,,,
16-12-2015,294.14,,,,,
15-12-2015,283.9,,,,,
14-12-2015,281.1,,,,,
11-12-2015,284.22,,,,,
10-12-2015,287.07,,,,,
09-12-2015,285.42,,,,,
08-12-2015,291.84,,,,,
07-12-2015,293.91,,,,,
04-12-2015,295.01,,,,,
03-12-2015,293.4,,,,,
02-12-2015,296.48,,,,,
01-12-2015,296.34,,,,,
30-11-2015,306.99,,,,,
27-11-2015,314.2,,,,,
26-11-2015,314.15,,,,,
24-11-2015,313.6,,,,,
23-11-2015,311.26,,,,,
20-11-2015,313.42,,,,,
19-11-2015,311.77,,,,,
18-11-2015,306.63,,,,,
17-11-2015,307.13,,,,,
16-11-2015,308.28,,,,,
13-11-2015,306.58,,,,,
11-11-2015,304.74,,,,,
10-11-2015,304.51,,,,,
09-11-2015,307.82,,,,,
06-11-2015,311.45,,,,,
05-11-2015,309.01,,,,,
04-11-2015,318.06,,,,,
03-11-2015,319.2,,,,,
02-11-2015,321.5,,,,,
30-10-2015,320.49,,,,,
29-10-2015,326.32,,,,,
28-10-2015,328.98,,,,,
27-10-2015,323.8,,,,,
26-10-2015,323.38,,,,,
23-10-2015,329.72,,,,,
21-10-2015,341.1,,,,,
20-10-2015,332.24,,,,,
19-10-2015,333.94,,,,,
16-10-2015,321.04,,,,,
15-10-2015,322.51,,,,,
14-10-2015,317.97,,,,,
13-10-2015,317.18,,,,,
12-10-2015,320.9,,,,,
09-10-2015,319.16,,,,,
08-10-2015,313.6,,,,,
07-10-2015,314.61,,,,,
06-10-2015,320.31,,,,,
05-10-2015,317.92,,,,,
01-10-2015,311.68,,,,,
30-09-2015,310.21,,,,,
29-09-2015,296.25,,,,,
28-09-2015,300.8,,,,,
24-09-2015,305.71,,,,,
23-09-2015,310.25,,,,,
22-09-2015,315.67,,,,,
21-09-2015,323.47,,,,,
18-09-2015,327.7,,,,,
16-09-2015,330.09,,,,,
15-09-2015,322.28,,,,,
14-09-2015,325.17,,,,,
11-09-2015,320.17,,,,,
10-09-2015,321.78,,,,,
09-09-2015,325.49,,,,,
08-09-2015,319.3,,,,,
07-09-2015,318.7,,,,,
04-09-2015,321.36,,,,,
03-09-2015,318.38,,,,,
02-09-2015,315.16,,,,,
01-09-2015,317.14,,,,,
31-08-2015,325.31,,,,,
28-08-2015,332.84,,,,,
27-08-2015,318.88,,,,,
26-08-2015,311.45,,,,,
25-08-2015,319.85,,,,,
24-08-2015,319.8,,,,,
21-08-2015,339.31,,,,,
20-08-2015,348.91,,,,,
19-08-2015,351.25,,,,,
18-08-2015,354,,,,,
17-08-2015,358.27,,,,,
14-08-2015,362.77,,,,,
13-08-2015,353.32,,,,,
12-08-2015,366.08,,,,,
11-08-2015,371.72,,,,,
10-08-2015,376.64,,,,,
07-08-2015,377.92,,,,,
06-08-2015,381.04,,,,,
05-08-2015,383.39,,,,,
04-08-2015,379.44,,,,,
03-08-2015,384.63,,,,,
31-07-2015,384.53,,,,,
30-07-2015,382.83,,,,,
29-07-2015,383.48,,,,,
28-07-2015,376.45,,,,,
27-07-2015,383.75,,,,,
24-07-2015,398.4,,,,,
23-07-2015,397.48,,,,,
22-07-2015,403.45,,,,,
21-07-2015,408.82,,,,,
20-07-2015,394.31,,,,,
17-07-2015,391.01,,,,,
16-07-2015,389.9,,,,,
15-07-2015,388.34,,,,,
14-07-2015,387.75,,,,,
13-07-2015,389.03,,,,,
10-07-2015,384.99,,,,,
09-07-2015,398.4,,,,,
08-07-2015,395.09,,,,,
07-07-2015,396.52,,,,,
06-07-2015,397.66,,,,,
03-07-2015,399.5,,,,,
02-07-2015,397.71,,,,,
01-07-2015,389.72,,,,,
30-06-2015,385.68,,,,,
29-06-2015,380.03,,,,,
26-06-2015,383.75,,,,,
25-06-2015,391.79,,,,,
24-06-2015,390.18,,,,,
23-06-2015,395.09,,,,,
22-06-2015,389.77,,,,,
19-06-2015,398.49,,,,,
18-06-2015,391.56,,,,,
17-06-2015,387.75,,,,,
16-06-2015,380.4,,,,,
15-06-2015,379.8,,,,,
12-06-2015,380.86,,,,,
11-06-2015,376.96,,,,,
10-06-2015,381.09,,,,,
09-06-2015,374.57,,,,,
08-06-2015,376.96,,,,,
05-06-2015,381.6,,,,,
04-06-2015,382.33,,,,,
03-06-2015,386.28,,,,,
02-06-2015,383.89,,,,,
01-06-2015,382.51,,,,,
29-05-2015,390.78,,,,,
28-05-2015,370.03,,,,,
27-05-2015,375.31,,,,,
26-05-2015,367.78,,,,,
25-05-2015,367.18,,,,,
22-05-2015,362.59,,,,,
21-05-2015,364.01,,,,,
20-05-2015,367.78,,,,,
19-05-2015,365.44,,,,,
18-05-2015,364.93,,,,,
15-05-2015,359.93,,,,,
14-05-2015,354.42,,,,,
13-05-2015,351.25,,,,,
12-05-2015,359.51,,,,,
11-05-2015,363.78,,,,,
08-05-2015,365.39,,,,,
07-05-2015,361.44,,,,,
06-05-2015,358.27,,,,,
05-05-2015,355.38,,,,,
04-05-2015,360.75,,,,,
30-04-2015,349.92,,,,,
29-04-2015,355.66,,,,,
28-04-2015,367.96,,,,,
27-04-2015,359.01,,,,,
24-04-2015,366.49,,,,,
23-04-2015,367.13,,,,,
22-04-2015,366.72,,,,,
21-04-2015,365.71,,,,,
20-04-2015,369.38,,,,,
17-04-2015,372.73,,,,,
16-04-2015,383.8,,,,,
15-04-2015,381.18,,,,,
13-04-2015,390.87,,,,,
10-04-2015,378.24,,,,,
09-04-2015,373.88,,,,,
08-04-2015,384.85,,,,,
07-04-2015,371.63,,,,,
06-04-2015,368.01,,,,,
01-04-2015,369.38,,,,,
31-03-2015,361.12,,,,,
30-03-2015,357.54,,,,,
27-03-2015,345.69,,,,,
26-03-2015,366.95,,,,,
25-03-2015,362.68,,,,,
24-03-2015,361.62,,,,,
23-03-2015,351.89,,,,,
20-03-2015,349.14,,,,,
19-03-2015,350.7,,,,,
18-03-2015,350.97,,,,,
17-03-2015,354.92,,,,,
16-03-2015,356.62,,,,,
13-03-2015,367.5,,,,,
12-03-2015,365.25,,,,,
11-03-2015,357.68,,,,,
10-03-2015,337.84,,,,,
09-03-2015,315.35,,,,,
05-03-2015,319.43,,,,,
04-03-2015,322.51,,,,,
03-03-2015,320.67,,,,,
02-03-2015,320.49,,,,,
28-02-2015,327.1,,,,,
27-02-2015,326.14,,,,,
26-02-2015,320.77,,,,,
25-02-2015,320.08,,,,,
24-02-2015,314.06,,,,,
23-02-2015,318.88,,,,,
20-02-2015,320.77,,,,,
19-02-2015,327.51,,,,,
18-02-2015,323.2,,,,,
16-02-2015,331.78,,,,,
13-02-2015,325.95,,,,,
12-02-2015,323.84,,,,,
11-02-2015,326.96,,,,,
10-02-2015,327.01,,,,,
09-02-2015,326.96,,,,,
06-02-2015,338.12,,,,,
05-02-2015,334.86,,,,,
04-02-2015,338.76,,,,,
03-02-2015,341.15,,,,,
02-02-2015,329.9,,,,,
30-01-2015,343.12,,,,,
29-01-2015,345.05,,,,,
28-01-2015,343.03,,,,,
27-01-2015,361.95,,,,,
23-01-2015,352.67,,,,,
22-01-2015,339.73,,,,,
21-01-2015,338.81,,,,,
20-01-2015,325.86,,,,,
19-01-2015,321.78,,,,,
16-01-2015,314.8,,,,,
15-01-2015,320.77,,,,,
14-01-2015,317.51,,,,,
13-01-2015,317.97,,,,,
12-01-2015,320.4,,,,,
09-01-2015,326.69,,,,,
08-01-2015,331.6,,,,,
07-01-2015,325.95,,,,,
06-01-2015,325.17,,,,,
05-01-2015,327.74,,,,,
02-01-2015,335.18,,,,,
01-01-2015,333.21,,,,,
31-12-2014,323.84,,,,,
30-12-2014,321.13,,,,,
29-12-2014,322.46,,,,,
26-12-2014,325.31,,,,,
24-12-2014,324.21,,,,,
23-12-2014,326.14,,,,,
22-12-2014,320.26,,,,,
19-12-2014,315.03,,,,,
18-12-2014,319.71,,,,,
17-12-2014,314.06,,,,,
16-12-2014,321.41,,,,,
15-12-2014,321.32,,,,,
12-12-2014,319.48,,,,,
11-12-2014,315.21,,,,,
10-12-2014,324.39,,,,,
09-12-2014,325.17,,,,,
08-12-2014,339.5,,,,,
05-12-2014,337.71,,,,,
04-12-2014,339.63,,,,,
03-12-2014,347.44,,,,,
02-12-2014,352.9,,,,,
01-12-2014,346.89,,,,,
28-11-2014,351.02,,,,,
27-11-2014,353.87,,,,,
26-11-2014,361.17,,,,,
25-11-2014,370.58,,,,,
24-11-2014,366.77,,,,,
21-11-2014,368.69,,,,,
20-11-2014,365.21,,,,,
19-11-2014,368.88,,,,,
18-11-2014,366.81,,,,,
17-11-2014,361.03,,,,,
14-11-2014,356.57,,,,,
13-11-2014,358.92,,,,,
12-11-2014,355.61,,,,,
11-11-2014,353.5,,,,,
10-11-2014,359.24,,,,,
07-11-2014,358.87,,,,,
05-11-2014,353.09,,,,,
03-11-2014,363.37,,,,,
31-10-2014,366.26,,,,,
30-10-2014,374.16,,,,,
29-10-2014,371.95,,,,,
28-10-2014,374.34,,,,,
27-10-2014,380.63,,,,,
23-10-2014,376.68,,,,,
22-10-2014,375.95,,,,,
21-10-2014,377.05,,,,,
20-10-2014,368.83,,,,,
17-10-2014,363.55,,,,,
16-10-2014,356.39,,,,,
14-10-2014,365.8,,,,,
13-10-2014,359.51,,,,,
10-10-2014,360.2,,,,,
09-10-2014,371.82,,,,,
08-10-2014,367,,,,,
07-10-2014,370.39,,,,,
01-10-2014,370.21,,,,,
30-09-2014,372.05,,,,,
29-09-2014,370.26,,,,,
26-09-2014,371.91,,,,,
25-09-2014,373.01,,,,,
24-09-2014,370.16,,,,,
23-09-2014,373.24,,,,,
22-09-2014,381.18,,,,,
19-09-2014,381,,,,,
18-09-2014,381.87,,,,,
17-09-2014,380.45,,,,,
16-09-2014,378.57,,,,,
15-09-2014,377.88,,,,,
12-09-2014,380.13,,,,,
11-09-2014,372.83,,,,,
10-09-2014,374.39,,,,,
09-09-2014,372.87,,,,,
08-09-2014,370.71,,,,,
05-09-2014,368.28,,,,,
04-09-2014,371.4,,,,,
03-09-2014,371.4,,,,,
02-09-2014,359.56,,,,,
01-09-2014,345.05,,,,,
28-08-2014,339.54,,,,,
27-08-2014,338.81,,,,,
26-08-2014,339.36,,,,,
25-08-2014,338.9,,,,,
22-08-2014,335.23,,,,,
21-08-2014,340.74,,,,,
20-08-2014,343.9,,,,,
19-08-2014,346.29,,,,,
18-08-2014,345.51,,,,,
14-08-2014,335.32,,,,,
13-08-2014,338.44,,,,,
12-08-2014,339.68,,,,,
11-08-2014,345.65,,,,,
08-08-2014,343.4,,,,,
07-08-2014,335.87,,,,,
06-08-2014,337.57,,,,,
05-08-2014,344.09,,,,,
04-08-2014,346.06,,,,,
01-08-2014,348.95,,,,,
31-07-2014,342.39,,,,,
30-07-2014,342.62,,,,,
28-07-2014,324.99,,,,,
25-07-2014,325.77,,,,,
24-07-2014,325.59,,,,,
23-07-2014,325.36,,,,,
22-07-2014,325.17,,,,,
21-07-2014,309.61,,,,,
18-07-2014,308.74,,,,,
17-07-2014,309.06,,,,,
16-07-2014,308.69,,,,,
15-07-2014,307.18,,,,,
14-07-2014,304.93,,,,,
11-07-2014,308.05,,,,,
10-07-2014,306.72,,,,,
09-07-2014,313.56,,,,,
08-07-2014,312.69,,,,,
07-07-2014,316.27,,,,,
04-07-2014,311.49,,,,,
03-07-2014,309.38,,,,,
02-07-2014,310.48,,,,,
01-07-2014,308.05,,,,,
30-06-2014,309.33,,,,,
27-06-2014,304.56,,,,,
26-06-2014,310.76,,,,,
25-06-2014,309.43,,,,,
24-06-2014,313.05,,,,,
23-06-2014,313.6,,,,,
20-06-2014,311.03,,,,,
19-06-2014,310.48,,,,,
18-06-2014,312.41,,,,,
17-06-2014,310.57,,,,,
16-06-2014,305.43,,,,,
13-06-2014,306.03,,,,,
12-06-2014,314.02,,,,,
11-06-2014,326.27,,,,,
10-06-2014,331.97,,,,,
09-06-2014,327.24,,,,,
06-06-2014,326.78,,,,,
05-06-2014,326.14,,,,,
04-06-2014,324.94,,,,,
03-06-2014,330.73,,,,,
02-06-2014,332.01,,,,,
30-05-2014,315.95,,,,,
29-05-2014,309.93,,,,,
28-05-2014,313.65,,,,,
27-05-2014,308.42,,,,,
26-05-2014,311.72,,,,,
23-05-2014,315.53,,,,,
22-05-2014,305.39,,,,,
21-05-2014,311.54,,,,,
20-05-2014,319.11,,,,,
19-05-2014,310.53,,,,,
16-05-2014,303.69,,,,,
15-05-2014,295.1,,,,,
14-05-2014,296.76,,,,,
13-05-2014,293.08,,,,,
12-05-2014,291.57,,,,,
09-05-2014,284.13,,,,,
08-05-2014,282.8,,,,,
07-05-2014,285.55,,,,,
06-05-2014,289.13,,,,,
05-05-2014,294.09,,,,,
02-05-2014,298.96,,,,,
30-04-2014,301.21,,,,,
29-04-2014,307.59,,,,,
28-04-2014,310.02,,,,,
25-04-2014,313.74,,,,,
23-04-2014,311.08,,,,,
22-04-2014,307.82,,,,,
21-04-2014,307.41,,,,,
17-04-2014,298.91,,,,,
16-04-2014,297.21,,,,,
15-04-2014,298.64,,,,,
11-04-2014,295.88,,,,,
10-04-2014,293.59,,,,,
09-04-2014,293.91,,,,,
07-04-2014,291.48,,,,,
04-04-2014,290.33,,,,,
03-04-2014,294.46,,,,,
02-04-2014,299.19,,,,,
01-04-2014,289.55,,,,,
31-03-2014,291.75,,,,,
28-03-2014,291.43,,,,,
27-03-2014,285.28,,,,,
26-03-2014,274.12,,,,,
25-03-2014,270.73,,,,,
24-03-2014,269.9,,,,,
22-03-2014,269.85,,,,,
21-03-2014,268.52,,,,,
20-03-2014,271.32,,,,,
19-03-2014,275.18,,,,,
18-03-2014,270.95,,,,,
14-03-2014,270.86,,,,,
13-03-2014,276.28,,,,,
12-03-2014,275.59,,,,,
11-03-2014,278.25,,,,,
10-03-2014,280.18,,,,,
07-03-2014,277.2,,,,,
06-03-2014,262.46,,,,,
05-03-2014,259.62,,,,,
04-03-2014,263.84,,,,,
03-03-2014,263.2,,,,,
28-02-2014,264.07,,,,,
26-02-2014,264.62,,,,,
25-02-2014,263.61,,,,,
24-02-2014,259.66,,,,,
21-02-2014,264.57,,,,,
20-02-2014,272.61,,,,,
19-02-2014,277.8,,,,,
18-02-2014,277.52,,,,,
17-02-2014,279.72,,,,,
14-02-2014,280.41,,,,,
13-02-2014,278.12,,,,,
12-02-2014,282.75,,,,,
11-02-2014,279.68,,,,,
10-02-2014,281.88,,,,,
07-02-2014,289.73,,,,,
06-02-2014,289.32,,,,,
05-02-2014,288.58,,,,,
04-02-2014,290.37,,,,,
03-02-2014,280.83,,,,,
31-01-2014,289.23,,,,,
30-01-2014,283.4,,,,,
29-01-2014,277.2,,,,,
28-01-2014,280.96,,,,,
27-01-2014,281.79,,,,,
24-01-2014,287.53,,,,,
23-01-2014,288.91,,,,,
22-01-2014,284.41,,,,,
21-01-2014,279.95,,,,,
20-01-2014,283.3,,,,,
17-01-2014,285.46,,,,,
16-01-2014,289.73,,,,,
15-01-2014,304.38,,,,,
14-01-2014,301.12,,,,,
13-01-2014,303.92,,,,,
10-01-2014,303.5,,,,,
09-01-2014,302.63,,,,,
08-01-2014,305.2,,,,,
07-01-2014,304.56,,,,,
06-01-2014,302.4,,,,,
03-01-2014,302.4,,,,,
02-01-2014,301.81,,,,,
01-01-2014,310.11,,,,,
